user_id,win_rate,lose_rate,draw_rate,game_count
ormenider,43.0,48.0,9.0,100.0
shrtcve,48.0,49.0,3.0,100.0
Popmanes,55.0,39.0,6.0,100.0
Crazypandacheck,56.0,40.0,4.0,100.0
tuhin2004,46.0,49.0,5.0,100.0
mahmoud_question2,37.0,57.0,5.0,100.0
ApocalypsoKnight,73.0,21.0,5.0,57.0
Mshiyo388,56.0,40.0,3.0,100.0
ruthless_Axael,44.0,38.0,18.0,100.0
Renegade_247,41.0,53.0,6.0,100.0
Richardsc89,44.0,51.0,5.0,100.0
fjodor81,0.0,0.0,0.0,0.0
scfliu,42.0,57.0,0.0,21.0
gcc-0071,52.0,45.0,3.0,100.0
Sirflaava,100.0,0.0,0.0,12.0
PrabhanjanT,50.0,50.0,0.0,18.0
malllanna,0.0,100.0,0.0,3.0
bobik0988,43.0,55.0,2.0,100.0
Sawunggaling79,0.0,0.0,0.0,0.0
LeMucki,43.0,50.0,6.0,90.0
thassara,71.0,28.0,0.0,21.0
Menza1,0.0,0.0,0.0,0.0
tabtabto,45.0,49.0,6.0,100.0
Landazar28,0.0,0.0,0.0,0.0
Mohammedbakry,43.0,54.0,3.0,100.0
MrRobot88,48.0,46.0,6.0,100.0
SkjaldenSkjold,31.0,54.0,15.0,100.0
Bart_2002,45.0,51.0,4.0,100.0
UncleShark,0.0,0.0,0.0,0.0
parthmer1189,40.0,60.0,0.0,15.0
stelmeitovich,70.0,29.0,0.0,51.0
vedantkarandikar,0.0,100.0,0.0,6.0
tulito,49.0,50.0,1.0,100.0
Pasmasters,72.0,23.0,5.0,100.0
Mohammed_abbaasse,0.0,100.0,0.0,3.0
dancingmouse,52.0,38.0,10.0,100.0
Mikhail_Tal_Analyser,100.0,0.0,0.0,1.0
pepo92,0.0,100.0,0.0,6.0
georges88,0.0,0.0,0.0,0.0
ariankiamahdi,38.0,59.0,3.0,100.0
garfildmacka,0.0,0.0,0.0,0.0
ASKCHESS,60.0,34.0,6.0,100.0
krunalrao1502,50.0,43.0,7.0,100.0
Krantz3,56.0,40.0,3.0,100.0
blckRbbit,43.0,51.0,6.0,100.0
Mohamadamik,0.0,0.0,0.0,0.0
arsen1996,51.0,49.0,0.0,100.0
kick911,0.0,0.0,0.0,0.0
Nevixz,55.0,42.0,3.0,100.0
Trahatangens,0.0,0.0,0.0,0.0
haiderk,100.0,0.0,0.0,3.0
VinzTomasJuhark,0.0,0.0,0.0,0.0
yazan_alshikh,39.0,59.0,2.0,100.0
Sina1995,33.0,66.0,0.0,9.0
wouterw,46.0,48.0,6.0,100.0
torque18,47.0,47.0,5.0,51.0
pAlkesz,50.0,42.0,7.0,42.0
kwaywint,0.0,0.0,0.0,0.0
Shotgam66,39.0,57.0,3.0,100.0
MMXXXIX,30.0,61.0,7.0,39.0
muha1000,0.0,0.0,0.0,0.0
Kosasihaza,0.0,0.0,0.0,0.0
adka,47.0,44.0,9.0,100.0
Evren_04s,66.0,33.0,0.0,18.0
Valera3103,67.0,28.0,5.0,100.0
minorbison,42.0,57.0,0.0,21.0
zafrir,43.0,52.0,5.0,100.0
Gowen618,45.0,52.0,3.0,100.0
Rapportt,57.0,42.0,0.0,100.0
Homobz,0.0,0.0,0.0,0.0
Buunz,54.0,41.0,3.0,93.0
Aktogali,53.0,38.0,9.0,100.0
SoulShakinTex,0.0,0.0,0.0,0.0
Fedailer04,42.0,49.0,9.0,100.0
Thunder121020,46.0,48.0,6.0,100.0
rolo1-0-1,0.0,0.0,0.0,0.0
Alexandro_ua,52.0,47.0,1.0,100.0
javipe2022,63.0,33.0,4.0,100.0
marcoaldi,51.0,41.0,8.0,100.0
Ornito,40.0,56.0,3.0,100.0
garfiox,0.0,0.0,0.0,0.0
irfan1234567,45.0,53.0,2.0,100.0
ibraaj81,0.0,0.0,0.0,0.0
MAESTRO_109,42.0,55.0,3.0,100.0
pasdargent,0.0,0.0,0.0,0.0
mikysan,48.0,52.0,0.0,100.0
Vahan067,42.0,54.0,4.0,100.0
Ivanbyk,44.0,55.0,1.0,100.0
operationCastle,42.0,48.0,10.0,100.0
Inravebg,42.0,57.0,0.0,84.0
DORUK009,42.0,53.0,5.0,100.0
carlsenwizzard,42.0,52.0,4.0,21.0
Estemachine,54.0,44.0,2.0,100.0
ochemaster,16.0,84.0,0.0,100.0
CaRdAk,51.0,43.0,6.0,100.0
chrysipe,16.0,83.0,0.0,18.0
KnightofMountains,38.0,62.0,0.0,100.0
My_Eros,55.0,44.0,0.0,27.0
SMART09,47.0,52.0,1.0,100.0
JamesGaier,49.0,48.0,3.0,100.0
Milos_11,49.0,45.0,6.0,100.0
PP2571,41.0,56.0,2.0,100.0
rabathayelfath,69.0,27.0,4.0,100.0
ILYA1967,0.0,0.0,0.0,0.0
brile50,45.0,49.0,6.0,100.0
Pepep_BAJA,42.0,54.0,4.0,100.0
Shatil24,59.0,38.0,3.0,100.0
elgione,53.0,46.0,0.0,96.0
king_riju,56.0,42.0,2.0,100.0
devanand007,51.0,49.0,0.0,100.0
dkasamy,49.0,46.0,5.0,100.0
Gerardo201,49.0,49.0,2.0,100.0
IlyaHunter1313,48.0,50.0,2.0,100.0
YAHIA_NABIL,0.0,0.0,0.0,0.0
aidandeno,0.0,0.0,0.0,0.0
IvanKuznec96,56.0,35.0,9.0,100.0
jechacon,55.0,42.0,3.0,100.0
orif2007,35.0,65.0,0.0,100.0
SaoJbG,55.0,33.0,11.0,27.0
strike2024,53.0,40.0,6.0,45.0
Dream_world35,48.0,48.0,4.0,75.0
Floriannicoo,0.0,0.0,0.0,0.0
Redknight99,43.0,51.0,6.0,100.0
MauRopivi,51.0,43.0,4.0,64.0
jimmy20141126,60.0,31.0,9.0,100.0
terminator58,0.0,0.0,0.0,0.0
Krish46,46.0,50.0,3.0,78.0
Ahan2017,0.0,0.0,0.0,0.0
Mark-A2014,45.0,50.0,5.0,60.0
rustsa,0.0,0.0,0.0,0.0
furudoerika1984,0.0,0.0,0.0,0.0
GrandGS,31.0,63.0,5.0,57.0
A_Gindinson,52.0,42.0,6.0,100.0
Marti0078,0.0,0.0,0.0,0.0
T1Brt,41.0,51.0,8.0,100.0
Nalayak96,61.0,38.0,0.0,39.0
Varvara8,51.0,42.0,7.0,100.0
chess95-22,65.0,25.0,10.0,100.0
fquel,0.0,0.0,0.0,0.0
parakleto,0.0,100.0,0.0,3.0
Charlotte_Katakurii,59.0,40.0,1.0,100.0
svatoslav2289,0.0,0.0,0.0,0.0
Yauhnhan,47.0,49.0,4.0,100.0
tozedemo,59.0,40.0,0.0,22.0
Tchematheus,44.0,52.0,4.0,100.0
DanielCadena,0.0,0.0,0.0,0.0
Denisa_majalengka,0.0,0.0,0.0,0.0
beth_thrasher,48.0,50.0,2.0,100.0
RGmember,47.0,47.0,6.0,100.0
guticl,45.0,52.0,3.0,100.0
Mankalasto,55.0,44.0,1.0,100.0
Akun_Ngeriii,50.0,41.0,9.0,100.0
DerNiels,46.0,53.0,1.0,100.0
SidVo,48.0,44.0,8.0,100.0
Arct1k,47.0,48.0,5.0,100.0
Adson04,53.0,46.0,0.0,39.0
laith101010,45.0,50.0,5.0,100.0
adakhin,0.0,0.0,0.0,0.0
JordiCM,62.0,35.0,3.0,100.0
arzikulov17,28.0,68.0,3.0,100.0
Swaggymax,59.0,40.0,1.0,100.0
AMgr78,0.0,100.0,0.0,3.0
Mleong2,51.0,48.0,1.0,100.0
XLittleX,48.0,49.0,3.0,100.0
carlrr,100.0,0.0,0.0,6.0
seziomsk,51.0,49.0,0.0,100.0
Azamaka1976,48.0,50.0,2.0,100.0
Oleg_1975,0.0,0.0,0.0,0.0
kbljnv1,51.0,44.0,4.0,45.0
Evgenievich50,40.0,56.0,3.0,100.0
hamayasin0,43.0,51.0,6.0,100.0
SwimmingAnxiety,55.0,44.0,1.0,100.0
StockfishStufe9,0.0,100.0,0.0,3.0
joyo50118,0.0,0.0,0.0,0.0
Aman_Sai30,42.0,53.0,5.0,100.0
timurfms,40.0,60.0,0.0,15.0
mukhtar4hussain1,53.0,46.0,1.0,100.0
ozsalamert,0.0,100.0,0.0,3.0
timbalkan,48.0,47.0,5.0,100.0
Mortyshlyuska,43.0,53.0,4.0,100.0
patrikol,50.0,42.0,8.0,100.0
MERCEDES131,32.0,62.0,6.0,100.0
littlemac40,53.0,37.0,9.0,96.0
Ackander,46.0,50.0,4.0,100.0
BEEZEMAN1,53.0,42.0,5.0,100.0
imldv1,55.0,43.0,2.0,100.0
lilstunn,52.0,44.0,4.0,100.0
Team_Pogo,0.0,100.0,0.0,3.0
joooeel,47.0,48.0,5.0,100.0
yellow2591,49.0,49.0,2.0,100.0
sumitgupta121,53.0,46.0,0.0,39.0
chozah,42.0,56.0,1.0,100.0
sevcnik,43.0,49.0,8.0,100.0
The_accountant007,40.0,50.0,10.0,60.0
Mahraaan,48.0,51.0,1.0,100.0
narovtahc,56.0,40.0,4.0,100.0
Uncleofdrag0ns,0.0,0.0,0.0,0.0
fwuj,53.0,44.0,3.0,100.0
Singa_RS,34.0,64.0,2.0,100.0
Syversen96,75.0,25.0,0.0,12.0
Qray212,42.0,48.0,10.0,100.0
gianfry2003,38.0,59.0,3.0,100.0
Lichti,47.0,42.0,11.0,100.0
marcoantonio2011,55.0,42.0,3.0,100.0
sekabei,46.0,49.0,5.0,100.0
mundiy,49.0,47.0,4.0,100.0
BHngotueman,38.0,57.0,4.0,100.0
lucas_geres,48.0,49.0,3.0,100.0
ns1984,38.0,62.0,0.0,100.0
playlikeronaldo,67.0,20.0,11.0,34.0
Enos55,0.0,0.0,0.0,0.0
Wernipoperni,43.0,55.0,2.0,100.0
futurum,46.0,48.0,6.0,100.0
yogi113yadav,36.0,63.0,1.0,100.0
ART7779,30.0,65.0,3.0,78.0
Diegofoulon,0.0,0.0,0.0,0.0
lomaspv,0.0,0.0,0.0,0.0
ustunhan,51.0,47.0,2.0,100.0
CarlSean12,100.0,0.0,0.0,24.0
DeVil200,0.0,0.0,0.0,0.0
Dimbark,0.0,0.0,0.0,0.0
sat83,44.0,55.0,1.0,100.0
rezafake1,46.0,52.0,2.0,100.0
ImplicitVal,45.0,51.0,4.0,100.0
edumambo,0.0,0.0,0.0,0.0
DaafnjrAcme,0.0,0.0,0.0,0.0
amir_reza_mahmoodi57,49.0,46.0,5.0,100.0
AyanAli2009,48.0,48.0,3.0,81.0
hisseinsanjaei,0.0,100.0,0.0,3.0
COOL_CHESS07,0.0,0.0,0.0,0.0
viking955,36.0,63.0,0.0,33.0
Bengez4,46.0,48.0,6.0,100.0
s4242,0.0,0.0,0.0,0.0
spav,50.0,43.0,6.0,90.0
James_Chess007,56.0,44.0,0.0,75.0
Wolfi71,51.0,43.0,6.0,100.0
Rucasptzero,60.0,40.0,0.0,100.0
cyckolya,52.0,44.0,4.0,100.0
Reutter,0.0,0.0,0.0,0.0
drlasker1,55.0,40.0,5.0,100.0
TooWeek-TooSlow,49.0,47.0,4.0,100.0
JET-LI-CHESS,48.0,44.0,8.0,100.0
RidaMoses,0.0,0.0,0.0,0.0
yeti806,51.0,35.0,14.0,100.0
RTplayschess,0.0,100.0,0.0,12.0
Blunders_Only_1,50.0,47.0,3.0,100.0
manutdfc,48.0,50.0,2.0,100.0
Rizk00,59.0,32.0,9.0,100.0
Empotrator,61.0,32.0,7.0,100.0
Valtri,53.0,46.0,1.0,100.0
pionespion,0.0,0.0,0.0,0.0
AsokeKumar,52.0,43.0,5.0,100.0
BorisPlane77,0.0,0.0,0.0,0.0
Kyoka_Izumi,48.0,41.0,9.0,93.0
denzzzdenzzdenz,61.0,33.0,6.0,100.0
GiaKhiemPlaysChess,68.0,31.0,0.0,57.0
TonnoJr,62.0,37.0,0.0,24.0
MarunichSergey,47.0,46.0,7.0,100.0
wg_07_ubesejret,40.0,20.0,40.0,15.0
kimiwimi,0.0,100.0,0.0,3.0
donutLaser,52.0,47.0,1.0,100.0
peitl,0.0,0.0,0.0,0.0
AlaskaSaedelare2,64.0,35.0,1.0,100.0
brbey2016,45.0,45.0,10.0,100.0
CliveBurr,0.0,100.0,0.0,3.0
egormay228,46.0,48.0,6.0,100.0
Sselim65,40.0,57.0,2.0,100.0
justcoolme,49.0,50.0,1.0,100.0
ziyad_omar,52.0,46.0,2.0,100.0
Jolilaur,45.0,51.0,4.0,100.0
rimicatu,50.0,50.0,0.0,30.0
Agogus,40.0,60.0,0.0,15.0
mehmetalican,0.0,0.0,0.0,0.0
gie_LTC,0.0,0.0,0.0,0.0
KaiserRalph42,54.0,44.0,2.0,100.0
iboidon,0.0,0.0,0.0,0.0
vilarion,50.0,50.0,0.0,6.0
Jaturon_U,54.0,42.0,4.0,100.0
JajajaQue,44.0,49.0,7.0,100.0
goodkino,54.0,38.0,8.0,100.0
NicolayFlores,18.0,79.0,3.0,100.0
Javier840810,50.0,46.0,4.0,100.0
stepaplatonov,47.0,52.0,1.0,100.0
rvg13,53.0,40.0,7.0,100.0
smnc,75.0,25.0,0.0,12.0
djokovic2013,40.0,60.0,0.0,15.0
Radhe_1984,54.0,45.0,0.0,72.0
based-r5,42.0,57.0,0.0,57.0
Morphy_0,44.0,55.0,0.0,81.0
myduyenchess,21.0,75.0,2.0,37.0
Victorinox007x,0.0,0.0,0.0,0.0
QuocHaozz,61.0,38.0,0.0,13.0
alllvar,51.0,48.0,1.0,100.0
yngcmpsr,47.0,50.0,3.0,100.0
Control010,0.0,0.0,0.0,0.0
gilplasticien,46.0,46.0,7.0,84.0
ArtemZapara,0.0,0.0,0.0,0.0
KelvinDr,48.0,50.0,2.0,100.0
Antonion61,50.0,50.0,0.0,6.0
Evgeny_Zapolotsky,42.0,55.0,3.0,100.0
onlybrand,48.0,50.0,2.0,100.0
mallarapuvidhyasagr,0.0,100.0,0.0,3.0
GladFox,0.0,0.0,0.0,0.0
mater1980,57.0,36.0,6.0,100.0
JACT24,53.0,44.0,3.0,100.0
MinnesotaScott,0.0,0.0,0.0,0.0
ZumzukcuZubzuvang,49.0,50.0,1.0,100.0
Kajeevan11,59.0,39.0,2.0,100.0
NURDAIE_15_S1,45.0,37.0,16.0,72.0
mikesz,45.0,51.0,4.0,100.0
rfo73,50.0,46.0,4.0,100.0
VMarinB,62.0,35.0,3.0,100.0
DigitNemo,44.0,49.0,7.0,100.0
ZicoSochi,61.0,37.0,2.0,100.0
Chinez4,50.0,36.0,14.0,100.0
visualdoj,0.0,0.0,0.0,0.0
Siavashi1360,50.0,50.0,0.0,6.0
Xtrone_esport,42.0,54.0,4.0,100.0
Jasonbournae,55.0,44.0,1.0,100.0
Laz0rd0mi,43.0,43.0,14.0,100.0
gokuAMAN,0.0,100.0,0.0,3.0
abolfazl7dargahi,52.0,44.0,4.0,100.0
laguitt,0.0,0.0,0.0,0.0
blef91,54.0,43.0,3.0,100.0
HOUSSAM_SAMAM_11,100.0,0.0,0.0,3.0
Rakesh218,33.0,66.0,0.0,81.0
Chesskidjam,0.0,100.0,0.0,6.0
mab_ravel,43.0,50.0,7.0,100.0
erik_11,43.0,52.0,5.0,100.0
TigerMP,54.0,45.0,1.0,100.0
FTF61,39.0,54.0,7.0,100.0
smelov_kirill,51.0,45.0,4.0,100.0
EnriquePeru,48.0,41.0,11.0,100.0
nikita252,43.0,55.0,2.0,100.0
Soso95,14.0,42.0,42.0,21.0
I_Am_Drinking,44.0,54.0,2.0,100.0
Mwatakazembe4,44.0,52.0,4.0,100.0
Bheem1977,0.0,0.0,0.0,0.0
richukuttan,48.0,50.0,2.0,100.0
Afganigia,100.0,0.0,0.0,3.0
Nikita_Britva,48.0,49.0,3.0,100.0
i_Blunder90,54.0,40.0,6.0,100.0
gouyidi,0.0,0.0,0.0,0.0
Evgeny_Kamen,38.0,49.0,13.0,100.0
Time_Traveller2060,0.0,0.0,0.0,0.0
Osukadessu,50.0,45.0,4.0,72.0
dependent_kim,100.0,0.0,0.0,3.0
caz1945,39.0,54.0,7.0,100.0
Fck_AI,42.0,51.0,7.0,100.0
BadriDaGoat,0.0,0.0,0.0,0.0
Stalker01,33.0,66.0,0.0,18.0
bonader2600,20.0,80.0,0.0,15.0
goyenechesaladillo,53.0,43.0,4.0,100.0
NIONIOSEL,35.0,60.0,5.0,100.0
hosseihamidavi,40.0,56.0,4.0,100.0
martina20,60.0,40.0,0.0,30.0
aquillegotutiburon,56.0,44.0,0.0,100.0
YagermeisterVariants,54.0,39.0,7.0,100.0
asylum__xd,0.0,0.0,0.0,0.0
ngulu1996,46.0,45.0,9.0,100.0
Daniil1126021,54.0,41.0,5.0,100.0
Molinga0_AltoroarX,66.0,33.0,0.0,18.0
Aleftav,56.0,43.0,0.0,48.0
Cheese_Enjoyer_15743,31.0,69.0,0.0,100.0
NarNar,53.0,44.0,3.0,100.0
Arjit6468,50.0,49.0,1.0,100.0
Petrof67,0.0,0.0,0.0,0.0
Roman888_0,0.0,0.0,0.0,0.0
Fabricl,33.0,64.0,3.0,100.0
smooth-operation,0.0,0.0,0.0,0.0
snowcollector,56.0,41.0,2.0,100.0
flyinni,49.0,48.0,3.0,100.0
Zgoof,44.0,55.0,1.0,100.0
Eko04,47.0,50.0,3.0,100.0
ImagineMe,33.0,66.0,0.0,9.0
RollDaHook15,53.0,46.0,0.0,39.0
Robbyropz,44.0,48.0,8.0,100.0
avthesunriser,31.0,62.0,6.0,16.0
DhanvinRam0909,36.0,61.0,3.0,100.0
davytakue,0.0,0.0,0.0,0.0
stefano-scacchi,35.0,56.0,9.0,100.0
Dragon-Born,44.0,46.0,10.0,100.0
Herberthoops,0.0,0.0,0.0,0.0
ciwicristian,0.0,0.0,0.0,0.0
fisheRMont,28.0,72.0,0.0,100.0
amelia1917,0.0,0.0,0.0,0.0
IvicKlasa,48.0,48.0,3.0,87.0
Zeitgeist222,0.0,0.0,0.0,0.0
zebulon33,20.0,73.0,6.0,45.0
damiannnnn,46.0,47.0,7.0,100.0
vytautasle,0.0,0.0,0.0,0.0
nateweigel,46.0,52.0,2.0,100.0
HSDM,48.0,50.0,2.0,100.0
Horizon_43,54.0,46.0,0.0,100.0
Bruce_Lee66,45.0,55.0,0.0,100.0
Mocci,50.0,47.0,3.0,100.0
xr3dx,0.0,0.0,0.0,0.0
Psammy,0.0,0.0,0.0,0.0
EtienneMRM,0.0,0.0,0.0,0.0
Dirkchile,45.0,49.0,6.0,100.0
nehdimousavi,52.0,44.0,4.0,100.0
Dr_Borracho,47.0,47.0,6.0,100.0
Orzel2000,0.0,100.0,0.0,9.0
Victorjose_soubac12,55.0,45.0,0.0,100.0
ernesto-xs,44.0,54.0,2.0,100.0
aluvalarakesh,35.0,63.0,2.0,100.0
Andreudougas,44.0,51.0,5.0,100.0
RiteshBartakke,49.0,48.0,3.0,100.0
rororoyourboat,50.0,45.0,5.0,100.0
Andrey-3,0.0,0.0,0.0,0.0
Mr_Ash7,52.0,45.0,3.0,100.0
ElPresidentePD,48.0,44.0,8.0,100.0
mhmdm,51.0,47.0,2.0,100.0
alexeivolkovoi,28.0,63.0,9.0,100.0
Medelas,0.0,0.0,0.0,0.0
fran6-de-1st,0.0,0.0,0.0,0.0
Dahiusz,0.0,0.0,0.0,0.0
didaruly,55.0,35.0,10.0,100.0
belyhrezh,54.0,39.0,7.0,100.0
masterwoods,0.0,0.0,0.0,0.0
Luxur134,22.0,77.0,0.0,27.0
Mayank_raz,0.0,0.0,0.0,0.0
Russian_Magnus,0.0,100.0,0.0,3.0
SkisKettle,54.0,43.0,3.0,100.0
Gambino10,0.0,0.0,0.0,0.0
Russia-2018,42.0,48.0,10.0,100.0
cavanteh,39.0,39.0,21.0,84.0
Somerandomedude123,25.0,75.0,0.0,12.0
deti5555,45.0,50.0,5.0,100.0
leprins,44.0,51.0,5.0,100.0
scoopy44,48.0,52.0,0.0,100.0
Aziz_Bek,57.0,40.0,2.0,100.0
Elmachop,0.0,0.0,0.0,0.0
Gaby1q,55.0,40.0,5.0,100.0
REDUNZL,69.0,24.0,7.0,100.0
Reface,0.0,100.0,0.0,3.0
darkknight-1,0.0,0.0,0.0,0.0
ArclightKami,0.0,0.0,0.0,0.0
basilva05,0.0,0.0,0.0,0.0
Slovo-SPB,0.0,0.0,0.0,0.0
aziz-88,0.0,0.0,0.0,0.0
libertadnopiedad,44.0,50.0,6.0,100.0
IVBaldwin1,35.0,60.0,5.0,100.0
ShockNinja,46.0,51.0,3.0,100.0
Siddhu_26,51.0,44.0,5.0,100.0
Bakrovich,0.0,0.0,0.0,0.0
HV9898,47.0,50.0,3.0,100.0
salam90,47.0,42.0,11.0,100.0
LsD-X,40.0,60.0,0.0,15.0
cesaraugustus,0.0,0.0,0.0,0.0
jausas,0.0,0.0,0.0,0.0
klsoathkg,0.0,0.0,0.0,0.0
jeepsix,49.0,49.0,2.0,100.0
ChandulaEDS,38.0,52.0,9.0,63.0
Dedaga,41.0,53.0,6.0,100.0
mathers63,51.0,38.0,11.0,100.0
SARL16,41.0,55.0,4.0,100.0
Kolyaaaa,75.0,25.0,0.0,24.0
HSuryan10,0.0,100.0,0.0,3.0
Omnibus69,57.0,41.0,1.0,100.0
AyelenMartinez,67.0,27.0,6.0,100.0
TYU777,57.0,40.0,2.0,100.0
Siddh_Shetty,75.0,25.0,0.0,12.0
kingpinn1,47.0,49.0,4.0,100.0
XJle6_Ha_Cylllu,0.0,0.0,0.0,0.0
bronski66,0.0,0.0,0.0,0.0
Vitaliy_Bosak,0.0,0.0,0.0,0.0
Maxim_Vanin,0.0,0.0,0.0,0.0
sunil0017,41.0,57.0,1.0,100.0
jimsjakk,48.0,47.0,5.0,100.0
drcardoso,0.0,0.0,0.0,0.0
Itrlyhurts,56.0,37.0,6.0,100.0
harsh_786,59.0,35.0,6.0,100.0
BokiMaster,46.0,49.0,5.0,100.0
Hakan-007-ant,53.0,42.0,5.0,100.0
ademsahinn,50.0,50.0,0.0,6.0
JUANGALINDOP,0.0,0.0,0.0,0.0
adams87,47.0,49.0,4.0,100.0
khalifa1826,50.0,47.0,3.0,100.0
mundhertaresh,0.0,0.0,0.0,0.0
Fredimaker,34.0,64.0,2.0,100.0
zuumm4,60.0,34.0,4.0,69.0
tigrotto,49.0,45.0,6.0,100.0
SweetCelery,53.0,44.0,3.0,100.0
alliebahbah,0.0,0.0,0.0,0.0
phonik1,44.0,52.0,4.0,100.0
ManalAlashwal,22.0,77.0,0.0,54.0
yicuelo,100.0,0.0,0.0,3.0
zzillur,43.0,50.0,7.0,100.0
myeong_min_09,54.0,43.0,3.0,100.0
torrecanaya,45.0,53.0,2.0,100.0
skalos,25.0,75.0,0.0,24.0
TheDarkSide93,40.0,60.0,0.0,15.0
mithunchand,0.0,0.0,0.0,0.0
Sokching36,50.0,42.0,7.0,14.0
NightFuryZyzz,46.0,54.0,0.0,100.0
kolesiko,47.0,49.0,4.0,100.0
Dmitry7459997,30.0,61.0,9.0,100.0
chetannavale,0.0,0.0,0.0,0.0
lukastate,49.0,44.0,7.0,100.0
AsadovAsad,34.0,60.0,4.0,69.0
G_Abdullah,0.0,0.0,0.0,0.0
GGuluzade,46.0,54.0,0.0,100.0
bey_fashista,0.0,0.0,0.0,0.0
tom_neh,43.0,50.0,6.0,48.0
bbhhccvv,0.0,0.0,0.0,0.0
Odilkhon,45.0,51.0,4.0,100.0
Queenhand,38.0,59.0,3.0,100.0
JLK7,31.0,62.0,7.0,100.0
jancsijancsi,47.0,47.0,6.0,100.0
RuudBarracuda,41.0,57.0,1.0,100.0
ImperatorXX,0.0,0.0,0.0,0.0
Shahaliyev,52.0,47.0,0.0,51.0
parcemon2024,44.0,53.0,3.0,100.0
anjuka06,33.0,57.0,9.0,100.0
Konstantin27,39.0,57.0,3.0,100.0
D-LaBrute,0.0,0.0,0.0,0.0
LRMcarlos,41.0,53.0,6.0,100.0
Batral,51.0,43.0,6.0,100.0
SpiderMan-SLCA,43.0,52.0,5.0,100.0
justufus09,50.0,50.0,0.0,12.0
MartinSeamusMcFly,40.0,54.0,6.0,100.0
Mihamyas,57.0,42.0,0.0,21.0
HighVariance,50.0,50.0,0.0,24.0
mousa1989m,36.0,63.0,0.0,33.0
KwiQeSt,36.0,55.0,9.0,100.0
halil65,0.0,0.0,0.0,0.0
LazloH,0.0,0.0,0.0,0.0
minmj,70.0,25.0,5.0,100.0
prodewi,43.0,48.0,9.0,100.0
Maximilian89,53.0,42.0,5.0,100.0
DanielCanneel,45.0,48.0,7.0,100.0
Dyzai,33.0,63.0,4.0,100.0
eldefunciador,30.0,69.0,0.0,23.0
Alesalcedo,53.0,45.0,2.0,100.0
ten_jordan,0.0,0.0,0.0,0.0
gombas,20.0,80.0,0.0,15.0
tigergulph123,100.0,0.0,0.0,3.0
Tableto4KA,63.0,18.0,18.0,33.0
Pascal234,50.0,50.0,0.0,6.0
Robertbeok,0.0,0.0,0.0,0.0
Gogster69,51.0,45.0,4.0,100.0
akylewill,45.0,48.0,6.0,93.0
kuda_Pranata,44.0,51.0,5.0,100.0
MaksimGrigorev,16.0,83.0,0.0,54.0
tonysoprano_t,45.0,41.0,14.0,100.0
basilis,32.0,63.0,5.0,100.0
D0nGyK0nG,21.0,78.0,1.0,100.0
granttrec,0.0,0.0,0.0,0.0
LeadBrain,72.0,23.0,5.0,100.0
sgigerin,53.0,38.0,9.0,100.0
Jamz777,54.0,46.0,0.0,100.0
dnltjd50906,0.0,0.0,0.0,0.0
fjfp69,36.0,63.0,0.0,66.0
EveSingularity,43.0,55.0,2.0,100.0
HearUsFade,48.0,45.0,7.0,100.0
bolikus,100.0,0.0,0.0,9.0
The_RA,51.0,44.0,5.0,100.0
abusatos,0.0,0.0,0.0,0.0
kkasmaei,42.0,53.0,5.0,100.0
CrazyMan69,39.0,60.0,0.0,33.0
SiseCam,25.0,66.0,8.0,36.0
nano2ndary,0.0,0.0,0.0,0.0
Krocle,0.0,0.0,0.0,0.0
RaghuBilla,52.0,43.0,5.0,100.0
Geka44,0.0,0.0,0.0,0.0
EmiL702,50.0,50.0,0.0,30.0
Ras_56-mad,0.0,0.0,0.0,0.0
Rush123456789,43.0,53.0,4.0,100.0
jhaeim,43.0,52.0,5.0,100.0
Ameez,49.0,46.0,5.0,100.0
Vssss14,37.0,37.0,25.0,24.0
KaspaskiChess,50.0,47.0,3.0,100.0
Rossianin2020,37.0,56.0,7.0,100.0
sbaldin,33.0,66.0,0.0,3.0
Sonderstern,0.0,0.0,0.0,0.0
Reza-Ardeshiri,100.0,0.0,0.0,1.0
T1CGK,50.0,42.0,7.0,84.0
Ulam44,0.0,0.0,0.0,0.0
Stre10k,55.0,22.0,22.0,27.0
Atlas1101,52.0,44.0,4.0,100.0
TracerKeper,45.0,52.0,3.0,100.0
World311,55.0,42.0,3.0,100.0
Chessisjovi,0.0,0.0,0.0,0.0
Weine12345,57.0,35.0,7.0,100.0
FAsakk66,0.0,0.0,0.0,0.0
Raiders2020,52.0,47.0,1.0,100.0
Philander62,45.0,46.0,9.0,100.0
EdimarDrones,41.0,51.0,8.0,100.0
vicgonrod,49.0,47.0,4.0,100.0
Marccasado,60.0,20.0,20.0,5.0
thetymus31,49.0,47.0,4.0,100.0
golmohammad-iri,51.0,47.0,2.0,100.0
tiger3003,92.0,8.0,0.0,100.0
doumann,40.0,50.0,10.0,90.0
Mateussf,57.0,28.0,14.0,21.0
Babadur20032709,48.0,45.0,7.0,100.0
MoisesMota,52.0,45.0,3.0,100.0
wb1967,100.0,0.0,0.0,3.0
Montalvo3,46.0,52.0,2.0,100.0
Ozymandias_Realista,56.0,42.0,2.0,100.0
bertanyuss,0.0,0.0,0.0,0.0
carshirisa,38.0,59.0,3.0,100.0
Demis719,43.0,48.0,9.0,100.0
Ayaz2,61.0,33.0,5.0,54.0
darpanchavan,42.0,52.0,6.0,100.0
JPXAVI,50.0,47.0,3.0,100.0
ss166,46.0,47.0,7.0,100.0
keramov,43.0,53.0,3.0,96.0
skelet22,46.0,52.0,2.0,100.0
ntnull,20.0,80.0,0.0,5.0
nodeQ,50.0,45.0,5.0,100.0
zoyzoy,0.0,0.0,0.0,0.0
Barazarte1994,53.0,44.0,3.0,100.0
tartanbob76,45.0,45.0,8.0,72.0
alexthai,0.0,0.0,0.0,0.0
masuuni,0.0,0.0,0.0,0.0
Marek88sk,55.0,40.0,5.0,100.0
salvadoradriano89,35.0,52.0,11.0,51.0
saadne75,60.0,40.0,0.0,100.0
KingArtur69,57.0,37.0,5.0,100.0
Krapyva,50.0,50.0,0.0,6.0
MrBicer14,22.0,66.0,11.0,27.0
Deep47,0.0,0.0,0.0,0.0
lekshmisnair2014,100.0,0.0,0.0,12.0
StupidGambit,44.0,50.0,5.0,54.0
basttt656,66.0,33.0,0.0,9.0
Gameofsonny,57.0,42.0,0.0,100.0
abas9999,0.0,0.0,0.0,0.0
EndoweilAlvarez_USMP,78.0,9.0,12.0,99.0
Ganchuluun,0.0,0.0,0.0,0.0
viktoriv,0.0,0.0,0.0,0.0
BigRonBuckeye,0.0,0.0,0.0,0.0
BalkanBeginner,30.0,60.0,10.0,30.0
MotherSushi,44.0,50.0,6.0,100.0
adewale,66.0,33.0,1.0,100.0
anihitter,57.0,40.0,2.0,100.0
solidsnack99,0.0,0.0,0.0,0.0
ali043,60.0,38.0,2.0,100.0
felili-1,56.0,38.0,5.0,100.0
N1KyXQ,44.0,52.0,4.0,100.0
charliemwangelwa,0.0,0.0,0.0,0.0
bikarbonat,50.0,48.0,2.0,100.0
ppforma3d145,0.0,0.0,0.0,0.0
Natros,0.0,0.0,0.0,0.0
easycrane,0.0,0.0,0.0,0.0
ForImprovement1,46.0,46.0,7.0,78.0
mscofield8,0.0,0.0,0.0,0.0
Yohenry77,45.0,48.0,7.0,100.0
regular-show,0.0,0.0,0.0,0.0
KiRa2432,0.0,0.0,0.0,0.0
jadoub,44.0,50.0,6.0,100.0
Dael99,100.0,0.0,0.0,6.0
Baudelaire456,0.0,0.0,0.0,0.0
pawnstorm66,82.0,12.0,6.0,100.0
DimasXam8003,50.0,48.0,2.0,100.0
krips,0.0,0.0,0.0,0.0
llanerazo2020,85.0,14.0,0.0,21.0
MALINIAK52,48.0,46.0,6.0,100.0
SAKHALIN_65,35.0,64.0,0.0,51.0
r41nm4k3r,43.0,45.0,12.0,100.0
OpaHeinz,0.0,0.0,0.0,0.0
labo58,57.0,38.0,4.0,100.0
Fpaul,0.0,0.0,0.0,0.0
Megawatt_Hour,54.0,43.0,3.0,100.0
SeloAxe,50.0,50.0,0.0,42.0
AbdulRahmanTalib,26.0,62.0,12.0,100.0
lmo9,50.0,49.0,1.0,100.0
MSUrahul,0.0,100.0,0.0,9.0
Braingamez,51.0,44.0,5.0,100.0
TAMIM8002,45.0,51.0,4.0,100.0
HellsythLMAO,0.0,100.0,0.0,3.0
Check_Mate1993,53.0,44.0,3.0,100.0
Vitaliy_K,42.0,56.0,2.0,100.0
Goffu,48.0,51.0,1.0,100.0
WalvinDesu,0.0,0.0,0.0,0.0
PetrEPL,0.0,0.0,0.0,0.0
zgaou,49.0,46.0,5.0,100.0
nickless01,50.0,49.0,1.0,100.0
yamen-tayyarh,0.0,0.0,0.0,0.0
alethal96,50.0,50.0,0.0,24.0
Armin_96,47.0,50.0,3.0,100.0
minimus87,50.0,45.0,5.0,100.0
ResoLuSioN,50.0,46.0,4.0,100.0
Hakaan911,47.0,50.0,3.0,100.0
victor195127,50.0,48.0,2.0,100.0
Bufdi2019,0.0,0.0,0.0,0.0
MahalF1,54.0,41.0,5.0,100.0
Sztaking,0.0,0.0,0.0,0.0
pheelou,0.0,0.0,0.0,0.0
STUTZMLA,49.0,48.0,3.0,100.0
AlexanderMontoya_UTP,37.0,50.0,12.0,24.0
Herbert1960,54.0,38.0,8.0,100.0
The-HoneyBadger,54.0,40.0,4.0,66.0
B12113114,76.0,15.0,7.0,39.0
Kelvin_david,0.0,0.0,0.0,0.0
paulinhosr,33.0,67.0,0.0,100.0
akpan68,50.0,43.0,7.0,100.0
AsrorIsaev5545,33.0,60.0,7.0,100.0
krishna8040,57.0,42.0,0.0,21.0
sayedsalem,42.0,56.0,1.0,100.0
buculu17,56.0,42.0,2.0,100.0
tusalaxis,46.0,46.0,6.0,45.0
nobulakp,56.0,34.0,10.0,100.0
yomiracles,0.0,0.0,0.0,0.0
Terazky,53.0,43.0,4.0,100.0
ioan_suciu,20.0,80.0,0.0,15.0
aman_srivastav,52.0,46.0,2.0,100.0
LIMMA001,43.0,53.0,4.0,100.0
Crazy_Game_Play,0.0,0.0,0.0,0.0
Stockfish-POPCNT,51.0,47.0,2.0,100.0
FrookYouUp,56.0,43.0,0.0,90.0
rukhlan,47.0,49.0,4.0,100.0
kerndj,0.0,0.0,0.0,0.0
ecemikoo,42.0,53.0,5.0,100.0
SpaceTravel,0.0,0.0,0.0,0.0
Denis_Karyagin,49.0,44.0,7.0,100.0
Lightenigma1,40.0,57.0,2.0,100.0
Shantanuda,50.0,48.0,2.0,100.0
hasavn1,0.0,0.0,0.0,0.0
johndkent16,60.0,33.0,6.0,45.0
YoussefJoo3,60.0,40.0,0.0,100.0
piternoga,48.0,49.0,3.0,100.0
Nin4rd,54.0,39.0,7.0,100.0
cotufa55,47.0,50.0,3.0,100.0
Azumah-Nelson,53.0,44.0,3.0,100.0
pinezka1,100.0,0.0,0.0,3.0
danzelion94,0.0,100.0,0.0,3.0
Maksym_Tkachenko2014,57.0,35.0,7.0,84.0
Vikhyat_2000,41.0,56.0,2.0,100.0
acealamis_25,50.0,48.0,2.0,100.0
Rheagar,52.0,46.0,2.0,100.0
Burn0ut,0.0,0.0,0.0,0.0
KOBIQ,0.0,0.0,0.0,0.0
Mattzm2021,45.0,55.0,0.0,100.0
YavuzT44,54.0,41.0,5.0,100.0
Tomasgatpojr,0.0,0.0,0.0,0.0
freebloodus,46.0,48.0,6.0,100.0
Russchess,0.0,0.0,0.0,0.0
Magneti,52.0,41.0,7.0,100.0
qwyugbfoldsgslhbdt,42.0,53.0,4.0,45.0
Samriz,40.0,59.0,1.0,100.0
lowercaselucas,39.0,52.0,9.0,100.0
Slava_Morozov-6,40.0,50.0,9.0,96.0
geroen6,60.0,35.0,5.0,60.0
Simpakommerkrossa,44.0,50.0,6.0,100.0
bismarck161,47.0,52.0,1.0,100.0
Zeberka,0.0,100.0,0.0,3.0
JARCSCL,43.0,56.0,1.0,100.0
sharestar456,52.0,46.0,2.0,100.0
anakondarus,49.0,40.0,11.0,100.0
Miron_Kac,46.0,49.0,5.0,100.0
Vldmr60,0.0,100.0,0.0,3.0
paixpaix,51.0,49.0,0.0,100.0
ertan77,46.0,50.0,4.0,100.0
YouDamnRight,46.0,50.0,4.0,100.0
lethal7,33.0,50.0,16.0,36.0
Antoninyofy,63.0,36.0,0.0,57.0
Ki64,55.0,22.0,22.0,27.0
MrGermanpiano,56.0,38.0,5.0,100.0
Seniavoronchess,0.0,0.0,0.0,0.0
vladimir_077,0.0,0.0,0.0,0.0
Limwellpogi2430,100.0,0.0,0.0,3.0
jandanda,68.0,27.0,3.0,87.0
OrthoPozzy,0.0,0.0,0.0,0.0
mahmoudwahed648,39.0,59.0,2.0,100.0
Titoegu,49.0,46.0,5.0,100.0
AleksSpieler,57.0,21.0,21.0,42.0
Rus7788,40.0,53.0,6.0,90.0
Swordinator,38.0,54.0,8.0,100.0
dayblox,0.0,0.0,0.0,0.0
vjbra,41.0,54.0,5.0,100.0
monkbychoice,0.0,0.0,0.0,0.0
makarovin1,0.0,100.0,0.0,3.0
perogru,50.0,43.0,7.0,100.0
Gukeshprime,44.0,50.0,6.0,100.0
Eligora,54.0,38.0,6.0,93.0
Veyjan,33.0,66.0,0.0,9.0
polina252014,5.0,93.0,2.0,100.0
Alkoholhirn,40.0,60.0,0.0,15.0
Noreni,33.0,50.0,16.0,18.0
nils0499,48.0,46.0,6.0,100.0
molchun3,0.0,0.0,0.0,0.0
fhugh32,61.0,38.0,0.0,13.0
luizstatus,50.0,50.0,0.0,12.0
vipo1996a,0.0,0.0,0.0,0.0
ferxdox,0.0,0.0,0.0,0.0
poko64,0.0,0.0,0.0,0.0
ImpracticalJokersFan,0.0,100.0,0.0,6.0
interest1ngcat,50.0,47.0,3.0,100.0
swguynos,0.0,0.0,0.0,0.0
betobayt,38.0,50.0,11.0,78.0
Babosos,63.0,27.0,9.0,99.0
Marsel_Didi,43.0,50.0,7.0,100.0
lingers,51.0,44.0,5.0,100.0
Lisan1024,34.0,63.0,3.0,100.0
JonSnowMortality,0.0,0.0,0.0,0.0
mhmtemingoksu,44.0,53.0,3.0,100.0
farhad24,53.0,43.0,4.0,100.0
hojjat1365,61.0,30.0,9.0,100.0
alejoalexnebres,0.0,0.0,0.0,0.0
SheepAtLosing,61.0,37.0,2.0,100.0
mpgolubov,0.0,0.0,0.0,0.0
QueMirasBobo2022,62.0,35.0,3.0,100.0
Wanto_p,57.0,38.0,4.0,100.0
emanuelesaiu,52.0,47.0,0.0,57.0
Kapid07,53.0,46.0,0.0,15.0
pipezabala,45.0,53.0,2.0,100.0
karavindrao,0.0,0.0,0.0,0.0
Tzuki,49.0,45.0,6.0,100.0
Woldemar_XL,44.0,51.0,3.0,87.0
chixxzy,0.0,0.0,0.0,0.0
matkatze,47.0,45.0,8.0,100.0
Hamid198,0.0,100.0,0.0,9.0
n1xisting,46.0,49.0,5.0,100.0
cparla,51.0,48.0,1.0,100.0
Jorge2400,33.0,66.0,0.0,36.0
cade_brashear,0.0,0.0,0.0,0.0
eniov22,46.0,49.0,5.0,100.0
maninninam,56.0,38.0,6.0,100.0
Proxymoon,70.0,29.0,0.0,72.0
e-mate,43.0,49.0,8.0,100.0
melaneg,60.0,40.0,0.0,5.0
Venik7,49.0,42.0,9.0,100.0
haarsh_11,30.0,53.0,15.0,13.0
Focadosa,52.0,38.0,10.0,100.0
Mezamir,0.0,0.0,0.0,0.0
ghostplaces,43.0,49.0,8.0,100.0
Hardikchawlaaa,0.0,100.0,0.0,12.0
ferdiiska,44.0,51.0,5.0,100.0
GIL8ERT,0.0,0.0,0.0,0.0
Kestuf63,0.0,0.0,0.0,0.0
Draerobinson,0.0,0.0,0.0,0.0
mongecruz,0.0,0.0,0.0,0.0
Beshmukha,47.0,53.0,0.0,100.0
purge_lance,47.0,43.0,10.0,100.0
Eugene_Harold_Krabs,38.0,61.0,1.0,100.0
alexbulq,53.0,47.0,0.0,100.0
Privet_iz_xmao,53.0,42.0,5.0,100.0
Fdhili,43.0,55.0,2.0,100.0
Grizman45,0.0,0.0,0.0,0.0
markus_schirmbeck,48.0,42.0,9.0,99.0
queensgambitisreal,43.0,48.0,9.0,100.0
Tesqov,0.0,0.0,0.0,0.0
VikingNord,51.0,43.0,6.0,100.0
mayank_jaju08,41.0,54.0,4.0,72.0
ogLMFAO,0.0,0.0,0.0,0.0
sakuraman,43.0,53.0,4.0,100.0
RASTAMANH,50.0,48.0,2.0,100.0
Nazar_Zheleznyakov,46.0,52.0,2.0,100.0
Alex23041308,71.0,28.0,0.0,21.0
Redshowingg,0.0,0.0,0.0,0.0
A_yaan_1,38.0,61.0,1.0,100.0
saba7o0,82.0,14.0,4.0,100.0
aefsafssf,50.0,45.0,5.0,100.0
JDuBBB71,0.0,0.0,0.0,0.0
ProNoob71,66.0,33.0,0.0,27.0
dotan100,52.0,43.0,5.0,100.0
FAILCHAWY,0.0,0.0,0.0,0.0
mlody_ale_dobry,0.0,0.0,0.0,0.0
ramykadi4,0.0,0.0,0.0,0.0
AmongUs1337,76.0,17.0,5.0,34.0
AlexMG77,0.0,0.0,100.0,3.0
fireblaz,51.0,49.0,0.0,100.0
abadhairday,52.0,44.0,4.0,100.0
BeDaa,56.0,37.0,6.0,100.0
scifly,51.0,46.0,3.0,100.0
jp_999,41.0,55.0,4.0,100.0
Merciless22,50.0,48.0,2.0,100.0
Killer_K,40.0,50.0,10.0,100.0
ALFASENTAVRA,52.0,37.0,11.0,100.0
Dzbanello,44.0,49.0,7.0,100.0
Mulan22,28.0,71.0,0.0,21.0
Samb17,46.0,53.0,0.0,45.0
Dima1105,56.0,31.0,12.0,100.0
Ronaldchigne,0.0,0.0,0.0,0.0
Palhinha,46.0,54.0,0.0,100.0
iLostRatingEqualsSad,0.0,0.0,0.0,0.0
MaksYuronin,44.0,52.0,4.0,75.0
RodrigoMebs,45.0,48.0,7.0,100.0
DavidHatake,100.0,0.0,0.0,3.0
Zenrourke,0.0,0.0,0.0,0.0
gauravjaitawat27,52.0,45.0,3.0,100.0
Asferro,54.0,43.0,3.0,100.0
rudepanda,0.0,0.0,0.0,0.0
crag1584,42.0,49.0,9.0,100.0
aillin,0.0,0.0,0.0,0.0
pcgambit,56.0,41.0,2.0,100.0
andibaba1,62.0,37.0,0.0,24.0
MissClara87,51.0,47.0,2.0,100.0
AtaMedaberIvrit,0.0,0.0,0.0,0.0
CLMPRCUBA,42.0,52.0,4.0,63.0
IgorMovchan,0.0,0.0,0.0,0.0
demid1nibur1,0.0,0.0,0.0,0.0
xnmaciek2008,69.0,30.0,0.0,39.0
FreeSpirit21,37.0,50.0,13.0,100.0
gelitochess,47.0,49.0,4.0,100.0
lazarusz,0.0,0.0,0.0,0.0
radancech,29.0,70.0,0.0,51.0
Alex_398,41.0,52.0,7.0,100.0
PlayJustForFun,53.0,42.0,3.0,84.0
chesslover2,48.0,51.0,1.0,100.0
MECOLORA,46.0,49.0,5.0,100.0
Godbey,0.0,0.0,0.0,0.0
solomonwanzie,0.0,0.0,0.0,0.0
abhi561,0.0,0.0,0.0,0.0
Epikness,43.0,52.0,5.0,100.0
jan_1,0.0,0.0,0.0,0.0
REZA_chess123,0.0,0.0,0.0,0.0
John_Weak_1,0.0,0.0,0.0,0.0
OLeXaRD,48.0,49.0,3.0,100.0
MDIBAJEH1975,31.0,66.0,3.0,100.0
antonDolgov,45.0,51.0,4.0,100.0
Crazy_Will,44.0,52.0,4.0,100.0
ASLI_007,41.0,53.0,6.0,100.0
mason1325,55.0,43.0,2.0,100.0
Russo15,45.0,53.0,2.0,100.0
jeanmarc144,0.0,0.0,0.0,0.0
jaho2200,64.0,28.0,7.0,14.0
ProLeaver,52.0,43.0,5.0,100.0
Apimah,0.0,0.0,0.0,0.0
mohammadklsani1,48.0,46.0,6.0,100.0
Metamathemagician,46.0,44.0,10.0,100.0
sb146666,62.0,35.0,3.0,100.0
high-lander,0.0,0.0,0.0,0.0
Oleg-LC,37.0,55.0,6.0,87.0
GCDC223,39.0,60.0,1.0,100.0
FredGrue,40.0,58.0,1.0,70.0
PReRo,46.0,52.0,2.0,100.0
javier533,50.0,50.0,0.0,12.0
Deso66,71.0,28.0,0.0,42.0
marymounir,0.0,0.0,0.0,0.0
pawnfighter143,0.0,0.0,0.0,0.0
brucewayne72,37.0,56.0,6.0,48.0
DodiWalker,0.0,0.0,0.0,0.0
Allengi2020,53.0,44.0,3.0,100.0
couzin,45.0,55.0,0.0,60.0
stepek123,54.0,44.0,2.0,100.0
olvr_thms,0.0,0.0,0.0,0.0
igovas,0.0,0.0,0.0,0.0
kapran,44.0,49.0,7.0,100.0
game321,0.0,0.0,0.0,0.0
daring_dragon,46.0,54.0,0.0,100.0
S_M_D27,62.0,35.0,3.0,100.0
raoCs_194,0.0,0.0,0.0,0.0
Mr_Impossible69,39.0,60.0,1.0,100.0
Igorrecity,0.0,0.0,0.0,0.0
Maakoulrachid,45.0,49.0,6.0,100.0
Bayer05,0.0,0.0,0.0,0.0
ImmanuelKant1,66.0,27.0,5.0,54.0
Anders14,25.0,75.0,0.0,12.0
Whiplash775,44.0,55.0,0.0,87.0
mixachess1,28.0,70.0,2.0,100.0
KanevsRonaldo,0.0,100.0,0.0,6.0
Saltydog53,54.0,40.0,6.0,100.0
Vickter,43.0,53.0,4.0,100.0
kinal,59.0,38.0,3.0,100.0
maria04,40.0,52.0,8.0,100.0
Billsam,67.0,27.0,6.0,100.0
Bentimover,0.0,0.0,0.0,0.0
Bngst,63.0,30.0,7.0,100.0
chatchienpoulepatate,25.0,75.0,0.0,24.0
Bandara_WSK,42.0,55.0,3.0,100.0
Naoki_0,47.0,50.0,3.0,100.0
gokhanbabaa,55.0,44.0,0.0,27.0
Asap12390-l,38.0,60.0,2.0,100.0
Zoa-skn77,49.0,48.0,3.0,100.0
Kaban-djan,46.0,46.0,8.0,100.0
prokar_6,0.0,100.0,0.0,6.0
alexander0311,0.0,0.0,0.0,0.0
dada1403,37.0,61.0,2.0,100.0
Just_Hussh,100.0,0.0,0.0,9.0
enceladus76,66.0,33.0,0.0,9.0
marsito_bae,56.0,41.0,3.0,100.0
mishgun48,14.0,85.0,0.0,21.0
MYS2030,0.0,100.0,0.0,3.0
Nukhta_s2,71.0,28.0,1.0,100.0
Sebastopolitan,47.0,45.0,8.0,100.0
pepsi_preville,44.0,52.0,4.0,100.0
claudio_chessmood,49.0,47.0,4.0,100.0
english_6,0.0,0.0,0.0,0.0
longknights,47.0,42.0,11.0,100.0
SocialGamer,50.0,50.0,0.0,84.0
Bact1945,0.0,0.0,0.0,0.0
BernzZ,53.0,44.0,3.0,100.0
perelin,52.0,47.0,1.0,100.0
Sotelonic,50.0,49.0,1.0,100.0
wawrel,53.0,42.0,5.0,100.0
kalirajkeer,48.0,49.0,3.0,100.0
NGC5189,0.0,0.0,0.0,0.0
BlunderStar,40.0,59.0,1.0,100.0
cyrEugene,0.0,0.0,0.0,0.0
PrakashGourav07,44.0,52.0,4.0,100.0
younggata2,56.0,42.0,2.0,100.0
HaiTri_9B02,54.0,42.0,4.0,100.0
Halftrickpony,0.0,0.0,0.0,0.0
MidnightScrambler,43.0,52.0,5.0,100.0
melli_dani_92,0.0,0.0,0.0,0.0
huysyk,48.0,50.0,2.0,100.0
Fornite46678,45.0,54.0,1.0,100.0
Dr_Strange2,46.0,52.0,2.0,100.0
Epicurus20,47.0,53.0,0.0,100.0
Manishkd01,49.0,44.0,7.0,100.0
MatheusM4,44.0,54.0,2.0,100.0
BobFischer99,57.0,36.0,6.0,100.0
leo_agui,75.0,25.0,0.0,12.0
ragnarss,48.0,52.0,0.0,100.0
mutekaid,15.0,82.0,3.0,100.0
pansk,42.0,57.0,0.0,100.0
Alexeydom,0.0,0.0,0.0,0.0
geniolopez,45.0,48.0,7.0,100.0
rithwiknandan,38.0,55.0,7.0,100.0
excavator24,47.0,42.0,11.0,100.0
achimzucker,0.0,100.0,0.0,9.0
soyed,54.0,43.0,3.0,100.0
JH44Eagle,62.0,33.0,5.0,100.0
b14a84a96a,56.0,33.0,10.0,100.0
MAJ042888,49.0,47.0,4.0,100.0
SGruat,30.0,69.0,0.0,69.0
aswathyas,45.0,54.0,0.0,33.0
TenVana,0.0,0.0,0.0,0.0
Famousfeyi,52.0,46.0,2.0,100.0
Gberserk123,64.0,32.0,4.0,75.0
Slange3d,48.0,45.0,7.0,100.0
Muerteblanca5,41.0,47.0,12.0,100.0
GitheTheGreat,43.0,53.0,4.0,100.0
vinsyy,52.0,45.0,3.0,100.0
JURAGA70,0.0,0.0,0.0,0.0
aguirreBrunod,0.0,0.0,0.0,0.0
hakaman,33.0,58.0,8.0,36.0
totoy_gwapo,45.0,46.0,9.0,100.0
Bfireb,54.0,45.0,0.0,99.0
luisc0853,39.0,56.0,5.0,100.0
DudinSergey,56.0,41.0,2.0,100.0
klarys971,48.0,52.0,0.0,100.0
hankash,45.0,48.0,7.0,100.0
WINNERMAN26,48.0,37.0,14.0,81.0
lonemalonema8,50.0,50.0,0.0,36.0
Rezzai,0.0,100.0,0.0,3.0
Karabo-Phoshane,0.0,0.0,0.0,0.0
Enterchess2016,44.0,54.0,2.0,100.0
Rugrats,0.0,0.0,0.0,0.0
amazinglarry96,56.0,39.0,4.0,100.0
chessprogk,44.0,48.0,8.0,100.0
als369,40.0,60.0,0.0,100.0
NGmKING,55.0,33.0,12.0,100.0
TastakovS-23,0.0,100.0,0.0,9.0
voron3b8,49.0,49.0,2.0,100.0
Jeronimo_9,42.0,52.0,6.0,100.0
Bonitta,25.0,71.0,3.0,84.0
luchete2300,46.0,48.0,6.0,100.0
taryatkyt78,57.0,39.0,3.0,100.0
KwadwoSark,61.0,39.0,0.0,100.0
kaleshrao,45.0,54.0,1.0,100.0
Almousawi2020,32.0,60.0,8.0,100.0
ilike2loser,65.0,30.0,4.0,69.0
copiouscreams,0.0,0.0,0.0,0.0
franklin33331960,50.0,50.0,0.0,6.0
DeathLila,0.0,0.0,0.0,0.0
Louizor,34.0,61.0,5.0,100.0
Anann3333,56.0,34.0,9.0,100.0
jojo10,48.0,42.0,10.0,100.0
playtard,56.0,38.0,5.0,100.0
BioTechMan,49.0,47.0,4.0,100.0
WESAL007,38.0,56.0,5.0,100.0
ppa63,44.0,52.0,4.0,100.0
sasha_alekseeva,56.0,26.0,18.0,100.0
bles74,51.0,43.0,6.0,100.0
keilai01,56.0,23.0,21.0,100.0
ShiNiGa,56.0,44.0,0.0,100.0
pilart63,45.0,51.0,4.0,100.0
AnteLoncar,60.0,39.0,1.0,100.0
ggm_86,0.0,0.0,0.0,0.0
Queens-eleven,36.0,41.0,23.0,100.0
villarblitz,0.0,0.0,0.0,0.0
marulenchik,41.0,51.0,8.0,100.0
vaksg,0.0,0.0,0.0,0.0
joae13,54.0,43.0,3.0,100.0
aadhi1524,49.0,40.0,11.0,100.0
MasterChesSeco,50.0,41.0,9.0,100.0
MrKebap,47.0,50.0,3.0,100.0
boomboomer,42.0,54.0,4.0,100.0
BAG2010,67.0,26.0,7.0,100.0
Gerwaziusz,0.0,0.0,0.0,0.0
aaespy10,0.0,0.0,0.0,0.0
HariEshwar,0.0,0.0,0.0,0.0
ZealousVR,43.0,54.0,3.0,100.0
rakuraku678,0.0,0.0,0.0,0.0
mlg1976,48.0,46.0,6.0,100.0
Vendextra,54.0,43.0,3.0,100.0
GFF_KTCT,61.0,30.0,9.0,100.0
Nuig_5,72.0,27.0,0.0,11.0
MKafafy,46.0,52.0,2.0,100.0
Ratoreirei,47.0,48.0,5.0,100.0
Lucasmarquez,50.0,46.0,4.0,100.0
samirox,39.0,54.0,7.0,100.0
mathavanasai,0.0,0.0,0.0,0.0
moraj965,44.0,54.0,2.0,100.0
piuwee,54.0,45.0,1.0,100.0
mightypawnmi,0.0,0.0,0.0,0.0
mlopes08,0.0,0.0,0.0,0.0
AristideTromboni,59.0,32.0,9.0,100.0
IlyaSizov_chess,66.0,33.0,0.0,9.0
FlankerB,0.0,0.0,0.0,0.0
DarkKnightYT,53.0,40.0,6.0,90.0
shivansh_lalwani,20.0,80.0,0.0,15.0
gronkifronk,49.0,42.0,9.0,100.0
pia0121,44.0,44.0,11.0,27.0
CairoEMC,47.0,49.0,4.0,100.0
beyyah01,46.0,50.0,4.0,100.0
Maksim-Abrosin,60.0,33.0,6.0,99.0
mannlicher,57.0,41.0,1.0,100.0
ChessPlayer908907,50.0,46.0,4.0,100.0
GOROL987412365,0.0,0.0,0.0,0.0
Hello_2502,50.0,50.0,0.0,6.0
CwnN,49.0,47.0,4.0,100.0
bechessone,43.0,49.0,8.0,100.0
hak0,0.0,0.0,0.0,0.0
JuneS9804,48.0,46.0,6.0,100.0
joker713,39.0,54.0,7.0,100.0
z659967,0.0,0.0,0.0,0.0
Fukzo0,0.0,100.0,0.0,3.0
Sirhctoph,53.0,45.0,2.0,100.0
SergeyKorol,49.0,51.0,0.0,100.0
ThiagoKozak,52.0,41.0,7.0,100.0
chroma98,60.0,40.0,0.0,100.0
medhatbahnas,33.0,66.0,0.0,54.0
d_1969,42.0,56.0,1.0,100.0
Frt21_402,44.0,52.0,4.0,100.0
berelian20,0.0,0.0,0.0,0.0
Adefajo,53.0,40.0,7.0,100.0
Deeply92,0.0,0.0,0.0,0.0
Cvetkov2007,61.0,30.0,9.0,100.0
Sojopj,49.0,41.0,10.0,100.0
Papadim74,54.0,43.0,3.0,100.0
we7u7,0.0,0.0,0.0,0.0
ritz444,52.0,39.0,9.0,100.0
ismaelroudan,36.0,52.0,12.0,75.0
DNAMATE,28.0,67.0,4.0,100.0
vkysnaya_shaurma,55.0,35.0,8.0,45.0
L04d1ng,53.0,41.0,6.0,100.0
eliasmwiine,0.0,0.0,0.0,0.0
Ahmad_Fdy,62.0,34.0,4.0,100.0
Narvaez2200,0.0,0.0,0.0,0.0
InverseHD,0.0,0.0,0.0,0.0
henrids89,50.0,49.0,1.0,100.0
virenjagdev,0.0,0.0,0.0,0.0
Alic2121,0.0,0.0,0.0,0.0
Aaryan_Trivedi,41.0,53.0,6.0,100.0
zeenox,56.0,43.0,1.0,100.0
Danijdzg,0.0,0.0,0.0,0.0
acemi_birlik7221,66.0,33.0,0.0,9.0
RomOmsk55,51.0,42.0,7.0,100.0
HLBDC,51.0,43.0,6.0,100.0
Leherzahn,0.0,0.0,0.0,0.0
Opytniy_1337,0.0,100.0,0.0,3.0
lucas9501,31.0,68.0,0.0,22.0
ymygmr,46.0,51.0,3.0,100.0
SurgeonKr,0.0,0.0,0.0,0.0
VladimirNolletov50,45.0,55.0,0.0,100.0
sivasakthi001,25.0,72.0,3.0,100.0
Chess_Killer123,45.0,48.0,7.0,100.0
tistaigordonizzando,52.0,45.0,3.0,100.0
mohsenzafarmand,48.0,51.0,1.0,100.0
vlatka,42.0,55.0,3.0,100.0
Gaidukov,48.0,47.0,5.0,100.0
edwinsito,0.0,0.0,0.0,0.0
ArifBabayev2005,53.0,40.0,6.0,45.0
hari3newton,56.0,41.0,3.0,100.0
cheubriz,45.0,55.0,0.0,100.0
peterchisi,49.0,47.0,4.0,100.0
fanacuervo,47.0,43.0,10.0,100.0
tabularisa,39.0,59.0,2.0,100.0
Dinosaur1831,47.0,51.0,2.0,100.0
everlasting_gambit,0.0,0.0,0.0,0.0
Zhuravlenok,48.0,25.0,27.0,100.0
ahm5dk5lil,46.0,50.0,4.0,100.0
Ifdylbjtr61,50.0,50.0,0.0,100.0
MVlCh,45.0,51.0,4.0,100.0
SirImp,0.0,0.0,0.0,0.0
Chessgod934,0.0,0.0,0.0,0.0
KotK0mp0t,54.0,39.0,7.0,100.0
squidsea,53.0,43.0,4.0,100.0
fredgrumbles,62.0,12.0,25.0,24.0
Harsh_Empire,0.0,0.0,0.0,0.0
berbee,38.0,61.0,0.0,39.0
Te220,47.0,49.0,4.0,100.0
Hooverphonic,37.0,53.0,10.0,100.0
Reza7Galedari7,0.0,0.0,0.0,0.0
maxxtorr,44.0,52.0,4.0,100.0
vladuhliy,44.0,51.0,5.0,100.0
Ludwig26,50.0,50.0,0.0,6.0
lamar_00450,47.0,46.0,7.0,100.0
Battle-Beast,0.0,0.0,0.0,0.0
narsalalimangohan23,54.0,42.0,4.0,100.0
Testovyi_Akk,52.0,41.0,7.0,100.0
davidgha,34.0,57.0,8.0,100.0
Arda2999,28.0,61.0,9.0,21.0
GustavoGM316,40.0,55.0,5.0,100.0
JoseMourinho,49.0,47.0,4.0,100.0
alpopo84,31.0,57.0,10.0,57.0
Jimbeamsagun,60.0,30.0,10.0,90.0
rudyschaakt,51.0,42.0,7.0,100.0
Frank_Lee_Ridiculous,54.0,42.0,4.0,100.0
hidrocalidofeliz,0.0,0.0,0.0,0.0
Charleygarcia,49.0,47.0,4.0,100.0
daniel2186,100.0,0.0,0.0,3.0
Mat1400,59.0,36.0,4.0,66.0
Apiyor,56.0,42.0,2.0,100.0
SlimeBlaster,32.0,68.0,0.0,100.0
flec14,53.0,45.0,2.0,100.0
ydsumadre,49.0,49.0,2.0,100.0
gigielamoroso50,66.0,26.0,8.0,100.0
CROW03,0.0,0.0,0.0,0.0
dprinc,50.0,48.0,2.0,100.0
gowthamShankarg,42.0,55.0,3.0,100.0
BramStolker_Dracula,59.0,36.0,4.0,97.0
eska1,51.0,47.0,2.0,100.0
Johnsen007,70.0,30.0,0.0,20.0
stosaal66,86.0,12.0,2.0,100.0
awm001,54.0,43.0,3.0,100.0
The_Muzzammil,0.0,0.0,0.0,0.0
eduardo1643,0.0,0.0,0.0,0.0
Aruzhan_555,84.0,15.0,0.0,57.0
MK123123,47.0,53.0,0.0,100.0
pgsexpertkomi,31.0,68.0,0.0,48.0
elpsycongroo1,44.0,53.0,3.0,100.0
rahmatfazeli98,44.0,52.0,4.0,100.0
gildardon,0.0,0.0,0.0,0.0
tmeer99,54.0,39.0,7.0,100.0
hadid_demir,45.0,47.0,8.0,100.0
Giracopas77,52.0,48.0,0.0,100.0
SrenSren,45.0,50.0,5.0,100.0
WishICouldChess,53.0,43.0,4.0,100.0
BigRusBoss,35.0,57.0,7.0,42.0
zabadoo2222,47.0,48.0,5.0,100.0
Yerkin_Suimenbay,0.0,0.0,0.0,0.0
shenmindset,51.0,42.0,7.0,100.0
savelyevarti,51.0,42.0,7.0,100.0
jomarag,55.0,44.0,0.0,81.0
turkhPoweR,51.0,45.0,4.0,100.0
imvishalranahere,0.0,0.0,0.0,0.0
yangweiguo,0.0,0.0,0.0,0.0
bd666ozzy,45.0,49.0,6.0,100.0
PrinceznaKenny,47.0,46.0,7.0,100.0
sonheu,52.0,45.0,3.0,100.0
Sische,100.0,0.0,0.0,3.0
Kathulu9,50.0,50.0,0.0,100.0
Ravshan60,53.0,44.0,3.0,100.0
jacknap99,55.0,43.0,2.0,100.0
crushing-2000s,54.0,44.0,2.0,100.0
bestgamercoolgamer2,0.0,100.0,0.0,6.0
Umutmavi,0.0,0.0,0.0,0.0
ZYH777,33.0,66.0,0.0,18.0
CulexPipiens,50.0,49.0,1.0,100.0
losanillosdepoder,64.0,24.0,12.0,100.0
HASANrostami,43.0,51.0,6.0,100.0
Anton_NN,51.0,49.0,0.0,100.0
xCruelx,49.0,45.0,6.0,100.0
TrippyAstronaut,0.0,0.0,0.0,0.0
gmglendavid,40.0,56.0,3.0,90.0
serkra9,50.0,43.0,7.0,100.0
adyaa02,51.0,45.0,4.0,100.0
zekoso,44.0,55.0,1.0,100.0
zenbka,52.0,46.0,2.0,100.0
alexchess1997,47.0,44.0,9.0,100.0
mois123,47.0,48.0,5.0,100.0
Georgich,46.0,48.0,6.0,100.0
kysfhaugit,45.0,52.0,3.0,100.0
Francisco_Urbina123,0.0,0.0,0.0,0.0
Singa_KCI,66.0,25.0,9.0,100.0
Pramod123456,50.0,46.0,4.0,100.0
Frankdiogoguerreros,69.0,30.0,0.0,13.0
Birdmantheslumpbird,49.0,48.0,3.0,100.0
sudirahmet,44.0,49.0,7.0,100.0
Stif2204,24.0,68.0,8.0,100.0
gfjapof,0.0,0.0,0.0,0.0
N_Bair,54.0,44.0,2.0,100.0
olcay_anik,47.0,49.0,4.0,100.0
Madmax100100,0.0,0.0,0.0,0.0
Sultan17A,55.0,45.0,0.0,100.0
Don_Makaron2009,47.0,50.0,3.0,100.0
Bidoncinq,40.0,60.0,0.0,15.0
ChessMaster_ARS,66.0,33.0,0.0,27.0
protarass,51.0,41.0,8.0,100.0
Dhruv_03_01,48.0,43.0,9.0,100.0
SKB13,43.0,55.0,2.0,100.0
Alvares76,49.0,46.0,5.0,100.0
ibrahem1234,46.0,52.0,2.0,100.0
DanielGerges64,43.0,56.0,0.0,100.0
konstasmet,0.0,0.0,0.0,0.0
Mac415,0.0,0.0,0.0,0.0
Parsul,0.0,100.0,0.0,3.0
Saab900turbo,80.0,20.0,0.0,15.0
bossboss77,60.0,40.0,0.0,15.0
Dr-enijim,49.0,46.0,5.0,100.0
Vitalii202020,45.0,48.0,7.0,100.0
novikovbest,47.0,44.0,9.0,100.0
runrunner,56.0,41.0,2.0,100.0
Tokiko72,0.0,0.0,0.0,0.0
huracan47,42.0,56.0,2.0,100.0
yusufherdogan,42.0,48.0,10.0,100.0
djar1975,45.0,53.0,2.0,100.0
LLawliet109,28.0,71.0,0.0,84.0
Carrizal,0.0,0.0,0.0,0.0
Implacable2024,59.0,35.0,6.0,100.0
it_me_againdreas,0.0,100.0,0.0,1.0
ozizwiz,52.0,47.0,0.0,63.0
Pahula,45.0,52.0,3.0,100.0
Junaid12,0.0,0.0,0.0,0.0
Foucaultpm,28.0,71.0,0.0,63.0
gorazdo,55.0,42.0,3.0,100.0
hakkinen42,54.0,40.0,6.0,100.0
Adel-Malak,50.0,44.0,6.0,100.0
Gatik0,0.0,0.0,0.0,0.0
jonnnyboy2000,0.0,0.0,0.0,0.0
hypnogus,41.0,53.0,6.0,100.0
vladimirajedrez69,46.0,48.0,6.0,100.0
sahyAidenG,38.0,60.0,2.0,100.0
slaintewhath,46.0,53.0,1.0,100.0
RobertoXVII,100.0,0.0,0.0,1.0
AIP2024,33.0,66.0,0.0,9.0
Polina567,13.0,87.0,0.0,100.0
vipulmaurya123,49.0,41.0,10.0,100.0
j4fb,36.0,61.0,3.0,100.0
Space157,55.0,43.0,2.0,100.0
SALIMOV,33.0,62.0,5.0,100.0
bmccon3,33.0,66.0,0.0,9.0
ZiVit,0.0,0.0,0.0,0.0
DzabaLanci,58.0,41.0,0.0,51.0
jawswanth1,45.0,47.0,8.0,100.0
TrAndrei,44.0,53.0,3.0,100.0
EndlessWukups,52.0,41.0,7.0,100.0
wmlife,0.0,100.0,0.0,3.0
mikromurks,50.0,45.0,5.0,100.0
DR-abdoov,50.0,48.0,2.0,100.0
Boringdefense,57.0,39.0,3.0,100.0
juancarlos54,0.0,0.0,0.0,0.0
Sepehr1999,46.0,53.0,1.0,100.0
trojanfredistipe,45.0,50.0,5.0,100.0
Ameythist76,23.0,77.0,0.0,100.0
Wileec,55.0,43.0,2.0,100.0
almir_RKS,0.0,0.0,0.0,0.0
Lautiadrian2014,29.0,62.0,8.0,72.0
bluevolf91,49.0,48.0,3.0,100.0
MTJENSE,0.0,0.0,0.0,0.0
Duque2000,42.0,54.0,4.0,100.0
DeOliveira8923,0.0,0.0,0.0,0.0
KamilYuca,47.0,48.0,5.0,100.0
Yashaswi_Verma,45.0,47.0,8.0,100.0
kufstan_zw,43.0,56.0,1.0,100.0
lxgrain,50.0,46.0,4.0,100.0
abhishekraj06,44.0,53.0,3.0,100.0
loofer1,0.0,100.0,0.0,9.0
Rushan2011,40.0,50.0,9.0,66.0
munasheluciashondo,43.0,54.0,3.0,100.0
JoseRaulCapablanca_1,52.0,46.0,2.0,100.0
AssassinCreed369,46.0,44.0,10.0,100.0
Flubbergem,0.0,0.0,0.0,0.0
ssdagar,49.0,48.0,3.0,100.0
amrsalah1,43.0,52.0,5.0,100.0
zemwillian,50.0,48.0,2.0,100.0
Daswareinmal,49.0,47.0,4.0,100.0
fedgkh,55.0,43.0,2.0,100.0
thomassr81,0.0,0.0,0.0,0.0
Taqi-Shiraz,57.0,42.0,0.0,21.0
LiubenkoIvan,63.0,36.0,0.0,33.0
Alyhassan111,0.0,0.0,0.0,0.0
i_am_yaroslavna,50.0,43.0,7.0,100.0
ren_ko56,0.0,0.0,0.0,0.0
rafcio105,0.0,0.0,0.0,0.0
Rogermoncaster,71.0,27.0,2.0,100.0
AAlmeidaTX,60.0,38.0,2.0,100.0
royalprobe,43.0,39.0,18.0,100.0
jorn32,50.0,49.0,1.0,100.0
JackBauer42,52.0,46.0,2.0,100.0
Goedy,33.0,66.0,0.0,63.0
A71121,0.0,0.0,0.0,0.0
pawelkamil,0.0,0.0,0.0,0.0
Verapamil120,38.0,60.0,2.0,100.0
viniisg,35.0,62.0,3.0,100.0
okikifasina123,60.0,40.0,0.0,60.0
greenShadow_Lizard,67.0,19.0,14.0,100.0
adejumoridwan,37.0,62.0,1.0,100.0
ss-2020,46.0,48.0,6.0,100.0
HORORV,0.0,0.0,0.0,0.0
RJ_L,0.0,0.0,0.0,0.0
sarpsahin11,0.0,0.0,0.0,0.0
qweob,46.0,45.0,9.0,100.0
Paul___Keres,48.0,48.0,4.0,100.0
ocage,59.0,40.0,0.0,66.0
john90,49.0,48.0,3.0,100.0
idiguic71,0.0,0.0,0.0,0.0
Nura-nis,45.0,55.0,0.0,100.0
majki_na_szachownicy,0.0,0.0,0.0,0.0
Rapid_games,100.0,0.0,0.0,1.0
Excellent102,43.0,55.0,2.0,100.0
mednacer,49.0,48.0,3.0,100.0
Valpgl,43.0,53.0,4.0,100.0
HjkuiF,47.0,48.0,5.0,100.0
sakr2000,54.0,45.0,1.0,100.0
YapHetS95,45.0,49.0,6.0,100.0
SeregaBrat9,0.0,0.0,0.0,0.0
Parsiamin,55.0,44.0,0.0,27.0
raiyanislammahi,0.0,100.0,0.0,3.0
Andreevich34,40.0,57.0,2.0,100.0
jordydia,0.0,0.0,0.0,0.0
londonfla,61.0,36.0,3.0,100.0
GrandMasterchess1973,47.0,48.0,5.0,100.0
Jaymuzo,54.0,40.0,6.0,100.0
giftedcreation,49.0,46.0,5.0,100.0
jacksonmendoza,42.0,42.0,14.0,21.0
ILonMAsk12321,47.0,52.0,0.0,63.0
YuriusM,45.0,47.0,8.0,100.0
OwenLangston,19.0,78.0,3.0,100.0
ed8277,75.0,25.0,0.0,16.0
aliican61,0.0,0.0,0.0,0.0
Arsen1985,45.0,51.0,4.0,100.0
Pawel_Chess_Coach,68.0,12.0,18.0,48.0
shahillll,20.0,80.0,0.0,15.0
Popon5758,0.0,0.0,0.0,0.0
PrincessZootie,0.0,0.0,0.0,0.0
rockerthanu,42.0,55.0,3.0,100.0
Wvthof,65.0,32.0,3.0,100.0
tearsfornations,40.0,57.0,2.0,100.0
cheburek322,44.0,55.0,1.0,100.0
Killerblackpawn,0.0,0.0,0.0,0.0
KATATONICO,0.0,0.0,0.0,0.0
advincula12345,51.0,45.0,4.0,100.0
Wisho7Rdgz,46.0,53.0,1.0,100.0
sharklas0925,51.0,46.0,3.0,100.0
Mihajlovich,0.0,0.0,0.0,0.0
LeeSensio,51.0,47.0,2.0,100.0
ahabx,0.0,0.0,0.0,0.0
Qpyd23,14.0,84.0,2.0,100.0
Markinovicht,50.0,47.0,3.0,100.0
mTamar,50.0,48.0,2.0,100.0
schoeeart,48.0,46.0,6.0,100.0
FerryMan95,0.0,0.0,0.0,0.0
Kecode,38.0,57.0,4.0,63.0
parth2663,27.0,69.0,4.0,100.0
hipis,0.0,0.0,0.0,0.0
rian_jek,52.0,46.0,2.0,100.0
EscoPablobar312,25.0,75.0,0.0,12.0
kkoni,0.0,100.0,0.0,12.0
oretesx,46.0,53.0,0.0,45.0
immaKillUrKing,0.0,0.0,0.0,0.0
ehrensoeren,50.0,50.0,0.0,54.0
jurijalekseeviclods,0.0,0.0,0.0,0.0
Magicalspiderwebs,100.0,0.0,0.0,15.0
Bjir_sepuh,49.0,43.0,8.0,100.0
petok2bkd,37.0,53.0,10.0,100.0
eimiro,0.0,0.0,0.0,0.0
Jasonsmart,0.0,0.0,0.0,0.0
cofeefee,0.0,0.0,0.0,0.0
no_name_no_elo,39.0,56.0,5.0,100.0
Fankimanky,50.0,50.0,0.0,6.0
Knopyy,61.0,37.0,2.0,100.0
Tokapex,33.0,0.0,66.0,18.0
Owl326,0.0,0.0,0.0,0.0
Kirill101013,64.0,30.0,6.0,100.0
RealBlokje,46.0,51.0,3.0,100.0
Bibaboba14,53.0,46.0,1.0,100.0
szikes,53.0,46.0,0.0,45.0
ngalamkera,54.0,45.0,1.0,100.0
skumar92,31.0,66.0,3.0,100.0
Eltiosheo,52.0,42.0,4.0,63.0
coto64,39.0,56.0,5.0,100.0
Amblem,56.0,42.0,2.0,100.0
Kakazi,39.0,59.0,2.0,100.0
SlavikChunixin,0.0,0.0,0.0,0.0
JoraMarterossiiskiy,0.0,0.0,0.0,0.0
tonit,48.0,41.0,11.0,100.0
Lillyboss,0.0,0.0,0.0,0.0
ivanyakovlev11,0.0,100.0,0.0,3.0
TiptopSeal,100.0,0.0,0.0,3.0
drodel53,56.0,37.0,6.0,48.0
Ataart,33.0,33.0,33.0,9.0
Kumareshgk2673,0.0,0.0,0.0,0.0
ElCaosReptante,0.0,0.0,0.0,0.0
Magistor_Denis,50.0,47.0,3.0,100.0
dav_sh98,42.0,55.0,3.0,100.0
YesusFernando,47.0,47.0,6.0,100.0
Nurlan-744,56.0,42.0,2.0,100.0
Turner231,47.0,50.0,3.0,100.0
MICTEP_IKC,63.0,34.0,3.0,100.0
Sitraka10954,100.0,0.0,0.0,3.0
zomen,0.0,0.0,0.0,0.0
NerfMartinovic,49.0,33.0,18.0,100.0
Emilopardo,50.0,46.0,4.0,100.0
germ4746,33.0,66.0,0.0,18.0
dmg51,31.0,54.0,13.0,66.0
Critboi,50.0,46.0,4.0,100.0
PaloAlto,47.0,52.0,1.0,100.0
XCO1978,42.0,53.0,5.0,100.0
kutloano,56.0,39.0,4.0,69.0
yash3aa,42.0,55.0,3.0,100.0
DubiousPawn09,0.0,0.0,0.0,0.0
Approaching82,47.0,53.0,0.0,100.0
ALEJANDRAB27,79.0,17.0,3.0,87.0
kopula,54.0,43.0,3.0,100.0
alpha_betania,0.0,0.0,0.0,0.0
Swonn71,0.0,0.0,0.0,0.0
musicalbanana1,37.0,62.0,0.0,24.0
Duck5511,0.0,0.0,0.0,0.0
thatguy_tsholo,56.0,44.0,0.0,100.0
Sonofander_pict,34.0,65.0,1.0,100.0
plorsx,46.0,52.0,2.0,100.0
RJrLingan_2012_Tugue,74.0,23.0,3.0,100.0
rvj0418,52.0,44.0,4.0,100.0
GDYS00,51.0,47.0,2.0,100.0
sanjay_gs,0.0,100.0,0.0,3.0
Bellaaaaaaaaaaqt,0.0,0.0,0.0,0.0
Omsiddhapura,44.0,55.0,0.0,87.0
Radical21,0.0,0.0,0.0,0.0
Lohne,52.0,44.0,4.0,100.0
KB60615,0.0,0.0,100.0,3.0
Polak123456,52.0,46.0,2.0,100.0
RogenChess,0.0,0.0,0.0,0.0
akshat_bhattacharjee,49.0,51.0,0.0,100.0
bambuk47,0.0,0.0,0.0,0.0
lucena420,56.0,42.0,2.0,100.0
DeuelChanzi,64.0,34.0,2.0,100.0
pukibarai,0.0,0.0,0.0,0.0
A-Gukesh,0.0,0.0,0.0,0.0
Sorcerer84,0.0,0.0,0.0,0.0
billybones11,0.0,100.0,0.0,9.0
kalamburik,56.0,39.0,4.0,100.0
Mini_06,0.0,100.0,0.0,9.0
K2Heart,48.0,39.0,13.0,100.0
ForMotherRussia69,0.0,0.0,0.0,0.0
bluebeanbag,0.0,100.0,0.0,3.0
Uvil27,100.0,0.0,0.0,1.0
NOMS-23,52.0,47.0,1.0,100.0
Chessndress,48.0,51.0,1.0,100.0
DSolutions,48.0,46.0,6.0,100.0
Celio_Antunes,38.0,61.0,1.0,100.0
sunchoppensteinn,0.0,0.0,0.0,0.0
Kycca,50.0,49.0,1.0,100.0
deffo90,0.0,0.0,0.0,0.0
Tenzoretto,45.0,48.0,7.0,100.0
Negi17,41.0,57.0,1.0,100.0
Tri_efendi,44.0,51.0,5.0,100.0
tkfx2025,52.0,46.0,2.0,100.0
thepeoplezpatzer,50.0,50.0,0.0,6.0
DimitriZhao,51.0,45.0,4.0,100.0
Joseq,54.0,40.0,6.0,100.0
JesusLives,51.0,40.0,9.0,100.0
NAFI_1,57.0,40.0,2.0,100.0
JarrodTux,0.0,0.0,0.0,0.0
rishabhhkb,46.0,46.0,6.0,45.0
Blake_Alhime1,0.0,100.0,0.0,3.0
krillin29,0.0,0.0,0.0,0.0
vmnchg,49.0,50.0,1.0,100.0
TtHoangTuong2012vts,25.0,68.0,6.0,48.0
AtaWoelk,100.0,0.0,0.0,3.0
salemelhakeem,0.0,0.0,0.0,0.0
wwwcomch,26.0,61.0,11.0,26.0
SC84,47.0,48.0,5.0,100.0
Valeri_60,43.0,39.0,18.0,100.0
Amir_Benjamin10,63.0,31.0,6.0,100.0
serxyziv,47.0,53.0,0.0,100.0
Ayaansh_24,50.0,50.0,0.0,4.0
coocaracha,42.0,52.0,6.0,100.0
Toni_Katoni,59.0,34.0,7.0,100.0
TommiMeier1980,0.0,0.0,0.0,0.0
excentrix,46.0,50.0,4.0,100.0
Tescoclubcard,49.0,51.0,0.0,100.0
SoFFka2013,48.0,47.0,5.0,100.0
fth22,0.0,100.0,0.0,3.0
pkdii,50.0,50.0,0.0,6.0
zijoanin,66.0,0.0,33.0,9.0
khobza3,49.0,45.0,6.0,100.0
RTheMachine,60.0,38.0,2.0,100.0
Pablitobicho,0.0,0.0,0.0,0.0
Maten9,0.0,0.0,0.0,0.0
Mek_213,60.0,40.0,0.0,15.0
Bill-is-back,47.0,46.0,7.0,100.0
kagiafas,68.0,30.0,2.0,100.0
iWael,45.0,46.0,9.0,100.0
yoko251,0.0,0.0,0.0,0.0
Cute_Red_Panda,0.0,0.0,0.0,0.0
FRnkng,22.0,75.0,3.0,100.0
Ploxzo,0.0,0.0,0.0,0.0
cledesol,49.0,48.0,3.0,100.0
Brieferehl,33.0,59.0,8.0,100.0
blitzgm11,0.0,0.0,0.0,0.0
telerion,61.0,37.0,2.0,100.0
denis-1986,44.0,52.0,4.0,100.0
LiteByRx,50.0,42.0,8.0,100.0
rdmc,53.0,46.0,0.0,39.0
sandosianforlife,35.0,63.0,2.0,100.0
sale_chat,45.0,51.0,4.0,100.0
Temponton,37.0,50.0,12.0,48.0
AlexandreBlanchette,0.0,0.0,0.0,0.0
camgaertner,50.0,45.0,5.0,100.0
LograPya,0.0,0.0,0.0,0.0
Mikhil-k,0.0,0.0,0.0,0.0
Meno_re5,0.0,0.0,0.0,0.0
blohopenv02,68.0,24.0,8.0,100.0
nak_tukiman,59.0,37.0,4.0,100.0
JUWAN-JISMON,52.0,35.0,11.0,51.0
LeonardoAR13,0.0,0.0,0.0,0.0
salahxDZ,49.0,47.0,4.0,100.0
mert_okutan,45.0,50.0,5.0,100.0
sebbi256,25.0,70.0,3.0,31.0
Nizar_m,0.0,100.0,0.0,6.0
Enocbas1234,0.0,0.0,0.0,0.0
Acemi3334,46.0,47.0,7.0,100.0
Guenni133,56.0,34.0,9.0,100.0
barandilekli,57.0,38.0,3.0,78.0
ismailovski,63.0,36.0,1.0,100.0
pedroos2206,52.0,46.0,2.0,100.0
Professor_Sickbock,0.0,0.0,0.0,0.0
quevan00,0.0,0.0,0.0,0.0
A_Karthik,0.0,0.0,0.0,0.0
Haidirparungpjg,47.0,52.0,1.0,100.0
missclick92,60.0,33.0,7.0,100.0
fatihk2002,55.0,42.0,3.0,100.0
maz_mohpour,48.0,52.0,0.0,100.0
the_endgame_starts,0.0,100.0,0.0,6.0
Dimas040681,40.0,59.0,0.0,66.0
himanshu10070,54.0,44.0,2.0,100.0
ZeroPercentAccuracy,0.0,0.0,0.0,0.0
Chushka2022,0.0,0.0,0.0,0.0
mohamedomrkamal,25.0,75.0,0.0,12.0
goburger,40.0,54.0,6.0,100.0
Freivaj76,0.0,100.0,0.0,3.0
maxsteve7,53.0,46.0,0.0,45.0
TheCaptain7777,60.0,40.0,0.0,90.0
Bekop752,51.0,45.0,4.0,100.0
TheoDante,0.0,0.0,0.0,0.0
And123w,44.0,53.0,3.0,100.0
Artjoms_S,0.0,0.0,0.0,0.0
ElEmaMALOTE03,47.0,45.0,8.0,100.0
Bosskecil,50.0,48.0,2.0,100.0
Sprengmaus,0.0,100.0,0.0,3.0
Retired-fool,0.0,0.0,0.0,0.0
illevaihcaM,36.0,45.0,18.0,33.0
DFSStar,55.0,41.0,4.0,100.0
drvenky77,56.0,44.0,0.0,100.0
Schachspieler4321,49.0,38.0,13.0,100.0
Tarekkhattab,0.0,0.0,0.0,0.0
heyyAnuu,47.0,47.0,6.0,100.0
Beti7,43.0,53.0,4.0,100.0
agust_06,0.0,100.0,0.0,6.0
Vladlous,25.0,75.0,0.0,12.0
marvel24wanda,0.0,0.0,0.0,0.0
Akayus,0.0,0.0,0.0,0.0
DMLarsen,43.0,46.0,11.0,100.0
madrol,40.0,60.0,0.0,15.0
Infinite2021,0.0,0.0,0.0,0.0
MrX2222,45.0,53.0,2.0,100.0
Bad_Puppy,0.0,0.0,0.0,0.0
hennrry,52.0,40.0,8.0,100.0
twoody,42.0,53.0,5.0,100.0
Freechess31promax,66.0,33.0,0.0,18.0
RAJA_penguasa,56.0,34.0,8.0,92.0
viyuli,41.0,45.0,12.0,72.0
San_Fauzi_RCK,0.0,0.0,0.0,0.0
Asaadx2,45.0,50.0,5.0,100.0
ugurcett,0.0,0.0,0.0,0.0
a_tazhinov,0.0,0.0,0.0,0.0
Saginbaev_Djalil,53.0,33.0,13.0,45.0
AALIMRAN,0.0,100.0,0.0,15.0
ismail17100,44.0,48.0,8.0,100.0
Selwyn1977,0.0,0.0,0.0,0.0
doubleshuffle,0.0,100.0,0.0,3.0
fara0n,0.0,0.0,0.0,0.0
Bttoxido,0.0,0.0,0.0,0.0
Der-Rohrverleger,42.0,54.0,4.0,100.0
osmkrc,0.0,100.0,0.0,6.0
pillka08,0.0,0.0,0.0,0.0
SIXAND9,0.0,100.0,0.0,6.0
tenmove,0.0,0.0,0.0,0.0
MarkBarcola,56.0,39.0,5.0,100.0
GK2000,53.0,45.0,2.0,100.0
Nanayaw,0.0,0.0,0.0,0.0
JohnJack,64.0,32.0,4.0,100.0
PALYACQ,44.0,49.0,7.0,100.0
Pit-Brett,67.0,33.0,0.0,100.0
Mythic-Ghost,47.0,52.0,0.0,63.0
Nikita_iv,0.0,0.0,0.0,0.0
bonakid1982,0.0,0.0,0.0,0.0
annavinograd,0.0,0.0,0.0,0.0
akshaygrao77,0.0,0.0,0.0,0.0
strikers,44.0,48.0,8.0,100.0
Hrimess,51.0,45.0,4.0,100.0
EnDsOnLiMaRR,43.0,43.0,14.0,100.0
FakeCassiodorus,0.0,0.0,0.0,0.0
stareci,50.0,45.0,5.0,60.0
ANovichkov,50.0,49.0,1.0,100.0
SuleimanAyuba,42.0,54.0,4.0,100.0
Carey59,0.0,0.0,0.0,0.0
CAPTAINjani,63.0,31.0,6.0,100.0
Isabelinoa,48.0,44.0,8.0,100.0
kiarash1230,57.0,42.0,0.0,42.0
ClebsonAF,45.0,53.0,2.0,100.0
jwjenksjr,48.0,49.0,3.0,100.0
aliahmed83,47.0,51.0,2.0,100.0
Ilyass_RMD,43.0,43.0,12.0,48.0
Hib,22.0,66.0,11.0,27.0
queen_bolzo,0.0,0.0,0.0,0.0
MustafaSalam1986,0.0,0.0,0.0,0.0
HughTemplo,51.0,48.0,1.0,100.0
Dudaevv,44.0,52.0,4.0,100.0
akitarim,45.0,51.0,2.0,81.0
Alestr4,51.0,44.0,5.0,100.0
TomBurak,88.0,11.0,0.0,27.0
whasgoinon,0.0,0.0,0.0,0.0
hoshp,0.0,0.0,0.0,0.0
veuvenoire,0.0,0.0,0.0,0.0
Shubham9513,0.0,0.0,0.0,0.0
rafeekh786,0.0,0.0,0.0,0.0
Arconne,47.0,39.0,13.0,69.0
openfriendlywide,44.0,50.0,6.0,100.0
RexEcki,0.0,0.0,0.0,0.0
qqqrtt,0.0,0.0,0.0,0.0
Mcoseni_3,45.0,51.0,4.0,100.0
DiegoMx7,32.0,59.0,9.0,100.0
adkdam,0.0,0.0,0.0,0.0
bec,67.0,28.0,4.0,100.0
fury18,59.0,34.0,7.0,100.0
Vanjari,33.0,66.0,0.0,9.0
CyberCheck,0.0,0.0,0.0,0.0
chinochoa,100.0,0.0,0.0,3.0
evgskv,53.0,44.0,3.0,100.0
Stellario,0.0,0.0,0.0,0.0
KabalX,0.0,100.0,0.0,3.0
pljoska,0.0,0.0,0.0,0.0
Je_heru,45.0,48.0,7.0,100.0
Hugo2020bh,39.0,51.0,10.0,100.0
Willowtree777,47.0,47.0,6.0,100.0
torontino-777,44.0,52.0,4.0,100.0
balistapus,49.0,50.0,1.0,100.0
Lalsahab8855,0.0,0.0,0.0,0.0
AlexPrixx,49.0,49.0,2.0,100.0
comic,0.0,0.0,0.0,0.0
RobinEk,0.0,0.0,0.0,0.0
Kernoso,0.0,0.0,0.0,0.0
rahulkartha,0.0,100.0,0.0,6.0
Farkas_Zsolt,50.0,39.0,11.0,100.0
MDT1980,45.0,53.0,2.0,100.0
STREAMING_AI,0.0,100.0,0.0,1.0
deVinas,48.0,43.0,9.0,100.0
EXC01ADMIN,0.0,0.0,0.0,0.0
ixaka,0.0,0.0,0.0,0.0
aschib,47.0,48.0,4.0,68.0
Swayingbollock,43.0,54.0,3.0,100.0
jloerasmaa,59.0,38.0,3.0,100.0
MartinQ72,30.0,66.0,4.0,100.0
edall1962,45.0,50.0,5.0,100.0
equalistic,48.0,49.0,3.0,100.0
Pa3kJ,55.0,41.0,4.0,100.0
Vitali29,41.0,51.0,8.0,100.0
R-Rom,0.0,0.0,0.0,0.0
Wolfverine_D_Hunter,53.0,42.0,3.0,78.0
bonfilero,0.0,0.0,0.0,0.0
ruscivilist,0.0,0.0,0.0,0.0
Leki2300,0.0,0.0,0.0,0.0
ivilio7,0.0,0.0,0.0,0.0
Jacoup,43.0,56.0,1.0,100.0
zacsaccount_49,59.0,37.0,4.0,100.0
balis007,33.0,66.0,0.0,18.0
nicodero,39.0,56.0,4.0,100.0
KeremAliDuman777,0.0,100.0,0.0,2.0
Bykov_Misha,0.0,0.0,0.0,0.0
BIG_DADDY_400,40.0,40.0,20.0,5.0
shotayevs,45.0,49.0,6.0,100.0
AtajanProf,0.0,0.0,0.0,0.0
G_1966,48.0,43.0,9.0,100.0
lalbadshaah,48.0,52.0,0.0,100.0
Aloisius63,0.0,0.0,0.0,0.0
KnudP,45.0,50.0,5.0,100.0
Gost180,66.0,33.0,0.0,9.0
MR_zarei1,0.0,0.0,0.0,0.0
KennethStoeveken,0.0,0.0,0.0,0.0
WilSon202,0.0,0.0,0.0,0.0
DennisDarken,0.0,0.0,0.0,0.0
KA_P1_BA_RA,49.0,47.0,4.0,100.0
Luc-LMR,44.0,49.0,7.0,100.0
serdaray10,44.0,55.0,1.0,100.0
iwoadawami,61.0,38.0,1.0,100.0
DTRAN,55.0,45.0,0.0,100.0
ajedrezymate,61.0,37.0,2.0,100.0
MBBORNE,0.0,100.0,0.0,3.0
GizakinG,59.0,39.0,2.0,100.0
Mark327,0.0,0.0,0.0,0.0
qharkahar,0.0,0.0,0.0,0.0
Cow79,33.0,53.0,13.0,45.0
alextrener,0.0,0.0,0.0,0.0
Bondeknuseren,75.0,25.0,0.0,36.0
omvir12,45.0,55.0,0.0,60.0
Mackoo,44.0,50.0,6.0,100.0
bobhillusa,55.0,43.0,2.0,100.0
ichbinsdernico,41.0,56.0,2.0,100.0
here2win_this,0.0,0.0,0.0,0.0
BaleXchess,60.0,20.0,20.0,15.0
VV72,56.0,41.0,3.0,100.0
Mustang_Chess,0.0,0.0,0.0,0.0
Pdodmani2013,0.0,100.0,0.0,2.0
jibreccia,0.0,0.0,0.0,0.0
lequentrec,0.0,0.0,0.0,0.0
physicsgalaxyop,72.0,26.0,2.0,100.0
Amateur_hours,0.0,0.0,0.0,0.0
alfileres,0.0,0.0,0.0,0.0
Wurstbrotsuppe,48.0,43.0,9.0,100.0
bx3ahmadou_b,30.0,64.0,6.0,100.0
DanielMarks,0.0,0.0,0.0,0.0
polatfuat,0.0,0.0,0.0,0.0
joemarmolada,48.0,46.0,6.0,100.0
Bullet_2200master,0.0,0.0,0.0,0.0
L0ne-W0lf,0.0,0.0,0.0,0.0
VYACHESLAVT,0.0,0.0,0.0,0.0
Sultan_823,52.0,46.0,2.0,100.0
Elnak7,0.0,0.0,0.0,0.0
chiefgewickelt,0.0,0.0,0.0,0.0
JPN22,50.0,48.0,2.0,100.0
el_wad_ibrahim,68.0,31.0,0.0,66.0
KARLSANTINO,40.0,55.0,5.0,100.0
JuiceLover,40.0,60.0,0.0,15.0
Umrahd,0.0,0.0,0.0,0.0
rehpyC,56.0,37.0,6.0,100.0
COMRADINHO3,61.0,33.0,6.0,100.0
omnivore,0.0,0.0,0.0,0.0
Elizaveta_Obizhaeva,14.0,81.0,3.0,55.0
Lom7777,53.0,40.0,6.0,45.0
jonnymk,43.0,55.0,2.0,100.0
Steven91,38.0,61.0,0.0,39.0
Jhonny___007,52.0,42.0,6.0,100.0
rogers10,44.0,52.0,4.0,100.0
SlowMax,0.0,0.0,0.0,0.0
Danielkuhas,56.0,42.0,2.0,100.0
Bandit_Nuhu,100.0,0.0,0.0,3.0
lestri,63.0,33.0,4.0,100.0
art55-20,0.0,0.0,0.0,0.0
albndarymhmadali,47.0,51.0,2.0,100.0
Exaad21,22.0,75.0,2.0,72.0
Kasparov_The_Second,48.0,40.0,12.0,100.0
FAIQ009,0.0,0.0,0.0,0.0
edu_Minato369,63.0,27.0,9.0,33.0
JoseMachuca93,60.0,32.0,8.0,100.0
zukertortt,0.0,0.0,0.0,0.0
pampastic,0.0,0.0,0.0,0.0
backfire_swindell,50.0,44.0,6.0,100.0
Zhilenko_Svjatoslav,41.0,55.0,4.0,100.0
CaiqueSM,45.0,48.0,7.0,100.0
shalom87,50.0,47.0,3.0,100.0
WhyBeNormal,0.0,0.0,0.0,0.0
moras2,41.0,59.0,0.0,100.0
Alejomx,0.0,0.0,0.0,0.0
SaifWaelsaleh,43.0,56.0,0.0,96.0
igor152,42.0,48.0,10.0,100.0
Manogrunfeud,41.0,55.0,4.0,100.0
Akslayer421,46.0,50.0,4.0,100.0
Vernongrove2,56.0,38.0,5.0,100.0
dinislammukhan36,20.0,60.0,20.0,5.0
Defri2,0.0,100.0,0.0,3.0
pram5528,35.0,61.0,4.0,100.0
zhorik98,0.0,0.0,0.0,0.0
Mart2018,60.0,38.0,2.0,100.0
xxTheChessMaster,41.0,56.0,3.0,100.0
AnatoliyV,0.0,0.0,0.0,0.0
Migueloangelo5,43.0,53.0,4.0,100.0
eloquoi12,48.0,47.0,5.0,100.0
Wildcard1659,70.0,30.0,0.0,30.0
alanjegan,50.0,44.0,6.0,100.0
Abulouai,0.0,0.0,0.0,0.0
jo2810,0.0,75.0,25.0,12.0
Gaurang369op,52.0,40.0,8.0,100.0
maybenow,51.0,48.0,1.0,100.0
Sreekanth_Rajan1,49.0,48.0,3.0,100.0
Igorrivne,41.0,55.0,4.0,100.0
Der-Wisch,48.0,49.0,3.0,100.0
coffiegodfred,50.0,50.0,0.0,6.0
Emiee,28.0,57.0,14.0,21.0
carlvva,0.0,0.0,0.0,0.0
seitroppoforte,34.0,63.0,3.0,100.0
kamilasadygali,53.0,42.0,5.0,100.0
brukolima,0.0,0.0,0.0,0.0
demola094,42.0,57.0,0.0,21.0
MukharG,38.0,54.0,8.0,100.0
Heisenberg1332003,50.0,43.0,7.0,100.0
nunzii0,35.0,64.0,1.0,100.0
Dodhy_well,47.0,43.0,10.0,100.0
ClownPierce1,33.0,66.0,0.0,18.0
YeboYellow,63.0,31.0,4.0,66.0
Jguerrera5,53.0,42.0,5.0,100.0
AHMEDTOPG,0.0,0.0,0.0,0.0
jafar_jafari,0.0,0.0,0.0,0.0
galaxy01,49.0,46.0,5.0,100.0
rungekuttaj,44.0,53.0,3.0,100.0
El_roto,0.0,0.0,0.0,0.0
Pepisko,0.0,0.0,0.0,0.0
radha503,44.0,48.0,8.0,100.0
Manolo_Rosas,55.0,38.0,5.0,54.0
cheesecake_hater,48.0,48.0,4.0,100.0
mvseetharaman,0.0,0.0,0.0,0.0
Rengtol,43.0,53.0,4.0,100.0
xprmt,0.0,0.0,0.0,0.0
Batmannyc1,43.0,52.0,5.0,100.0
lazumsuz,43.0,49.0,8.0,100.0
ayoubhq,42.0,57.0,0.0,21.0
Danil_1985,47.0,49.0,4.0,100.0
luis_zamora,0.0,0.0,0.0,0.0
Alex_Ignatev,0.0,0.0,0.0,0.0
tarikberke1,44.0,52.0,4.0,100.0
deverenli,0.0,0.0,0.0,0.0
rajiv78,0.0,0.0,0.0,0.0
hasanbahrevar,0.0,0.0,0.0,0.0
Ambardude,0.0,0.0,0.0,0.0
vamos_WQ,43.0,54.0,3.0,100.0
BoA-702,52.0,48.0,0.0,100.0
Stanislav4ik,46.0,52.0,2.0,100.0
huhnnugget,0.0,100.0,0.0,3.0
Leftraro,37.0,50.0,12.0,24.0
byonurcn,0.0,0.0,0.0,0.0
apollonasleventis,28.0,71.0,0.0,63.0
senpriyan,45.0,50.0,5.0,100.0
Yogione,45.0,50.0,5.0,100.0
weeeeehoooo,45.0,54.0,1.0,100.0
Viktor_58,0.0,0.0,0.0,0.0
Clarkemad,40.0,50.0,9.0,66.0
anodynos,50.0,35.0,15.0,60.0
ThienPhuoc31032017,36.0,63.0,0.0,57.0
tahe_itami,48.0,50.0,2.0,100.0
cacin_chess,35.0,54.0,9.0,93.0
juhkovonpeninsular,41.0,52.0,7.0,100.0
Humbertus411,0.0,0.0,0.0,0.0
MateIn1night,39.0,56.0,4.0,100.0
steklomer,60.0,36.0,4.0,75.0
awesomesalokin,51.0,42.0,7.0,100.0
noticiesiprofecies,0.0,0.0,0.0,0.0
Christina_M,40.0,46.0,14.0,100.0
alverij,46.0,51.0,3.0,100.0
somewhereintheseeyes,28.0,71.0,0.0,21.0
OLEKSANDR_171288,50.0,0.0,50.0,6.0
katsernat777,0.0,0.0,0.0,0.0
Talparov9988,18.0,73.0,9.0,100.0
Timurik201125,42.0,51.0,7.0,100.0
RPP2,46.0,42.0,12.0,100.0
Fierko,52.0,46.0,2.0,100.0
golderman123,40.0,40.0,20.0,15.0
Ctorona,45.0,53.0,2.0,100.0
Srdja-1976,0.0,0.0,0.0,0.0
L23W45,47.0,53.0,0.0,100.0
c3vbon,26.0,73.0,1.0,100.0
FREEDOM202,45.0,50.0,5.0,100.0
nordov,46.0,50.0,3.0,96.0
MonitoYoYo,0.0,0.0,0.0,0.0
Morra123,61.0,35.0,4.0,100.0
sorry_bout_that,46.0,45.0,9.0,100.0
yasserlmqwd,20.0,70.0,10.0,10.0
kapilashokyadav,0.0,0.0,0.0,0.0
etxebarretxe,100.0,0.0,0.0,3.0
AramKarL,0.0,0.0,0.0,0.0
Pabyana,0.0,0.0,0.0,0.0
aad44afghan,47.0,49.0,4.0,100.0
Lord_Checkmate,46.0,53.0,0.0,45.0
mazen_ramzi,49.0,48.0,3.0,100.0
Zeh333,0.0,0.0,0.0,0.0
imsorrybud,0.0,0.0,0.0,0.0
Sinanozenc,43.0,56.0,1.0,100.0
carcara_candango,48.0,49.0,3.0,100.0
Nik7341,62.0,37.0,0.0,8.0
Gr47,50.0,48.0,2.0,100.0
jo3004,50.0,37.0,13.0,100.0
CHV_Chess_Club,48.0,50.0,1.0,58.0
Eyesburn,28.0,57.0,14.0,21.0
vassss,0.0,0.0,0.0,0.0
pandato,0.0,0.0,0.0,0.0
DharmikVirat-2014,57.0,36.0,6.0,100.0
chesseuller,35.0,64.0,1.0,100.0
cevo36,0.0,0.0,0.0,0.0
Borntalente,41.0,54.0,4.0,72.0
Stjerne99,37.0,56.0,7.0,100.0
Prithak_gorkhali,59.0,40.0,0.0,96.0
souzalacrosse,0.0,0.0,0.0,0.0
Addeen,55.0,44.0,1.0,100.0
Prod72,52.0,46.0,2.0,100.0
EternalKuro2,0.0,100.0,0.0,3.0
berkowi,0.0,0.0,0.0,0.0
diamondhams,47.0,50.0,3.0,100.0
Besho0o,66.0,33.0,0.0,9.0
eehtekram,0.0,66.0,33.0,3.0
shadow-64,0.0,0.0,0.0,0.0
sergo_hud55,47.0,41.0,12.0,100.0
aflorez99,54.0,44.0,2.0,100.0
forrallat,56.0,42.0,2.0,100.0
worm1,46.0,53.0,1.0,100.0
Abraxasseb,53.0,44.0,3.0,100.0
michaelaalborg,0.0,0.0,0.0,0.0
HUIsenbirg,54.0,40.0,6.0,100.0
malakismayil,50.0,41.0,8.0,72.0
KPRF2,33.0,50.0,16.0,18.0
Potapov113,52.0,42.0,6.0,100.0
HusanboyM1,0.0,0.0,0.0,0.0
McDouglesz,0.0,0.0,0.0,0.0
peclo89,52.0,41.0,7.0,100.0
paduen,50.0,50.0,0.0,42.0
DRALY,44.0,53.0,3.0,100.0
