user_op,op_win_streak_current,op_win_streak_max,op_loss_streak_current,op_loss_streak_max
Kimirov,2.0,8.0,0.0,7.0
Yathuking8,0.0,1.0,3.0,3.0
MichBSS,2.0,12.0,0.0,9.0
r_torrez,0.0,22.0,1.0,21.0
eWojciech,0.0,6.0,1.0,7.0
Aras2065,0.0,5.0,3.0,8.0
Cyrano_64,3.0,9.0,0.0,3.0
lovebisht,1.0,11.0,0.0,11.0
Swoj,2.0,9.0,0.0,8.0
A_mARathONer,2.0,2.0,0.0,2.0
euke,1.0,5.0,0.0,3.0
alepo-139,0.0,14.0,1.0,12.0
TheSoloist,0.0,12.0,2.0,12.0
starship3,0.0,3.0,3.0,6.0
Idebuda,0.0,13.0,1.0,11.0
Nikolai1109,0.0,16.0,2.0,13.0
guwse,0.0,10.0,3.0,9.0
ThimanTThulnith,0.0,0.0,1.0,1.0
earendilist,0.0,10.0,3.0,11.0
chu3r,1.0,8.0,0.0,23.0
rog9lik,0.0,12.0,1.0,13.0
lVl1das,2.0,13.0,0.0,9.0
javy2r,0.0,0.0,0.0,0.0
F06abeja,1.0,12.0,0.0,10.0
CHIKUPATRA647,0.0,9.0,2.0,10.0
SHARA1313,0.0,9.0,2.0,10.0
Frankie_Tucson,1.0,1.0,0.0,0.0
hacta,1.0,12.0,0.0,8.0
dragon_muto,0.0,9.0,1.0,11.0
Senatros,1.0,11.0,0.0,9.0
IOANN1978,0.0,11.0,1.0,11.0
limitsofman,0.0,11.0,1.0,10.0
nointoine,1.0,6.0,0.0,5.0
drmskr,4.0,13.0,0.0,13.0
CiasnaMarietta69,0.0,8.0,2.0,12.0
boehmerich,0.0,10.0,1.0,8.0
Kuangaliev,0.0,16.0,2.0,9.0
jorgeabel123,0.0,10.0,2.0,13.0
Caesarthedictator,1.0,6.0,0.0,6.0
Voxel9999,0.0,11.0,3.0,15.0
Akhilyadav98,0.0,8.0,3.0,18.0
manash12,0.0,2.0,2.0,8.0
Chinosantomera2,0.0,13.0,1.0,9.0
HernanC,2.0,13.0,0.0,11.0
Malzawar,1.0,9.0,0.0,11.0
Pajabobr,0.0,10.0,2.0,12.0
Nimishthegreat,0.0,10.0,2.0,19.0
Ruslan23-09-2011,0.0,11.0,1.0,13.0
MichalKp,3.0,5.0,0.0,7.0
Iplaychessrarelyyou,0.0,0.0,1.0,1.0
dragonson7777,0.0,12.0,2.0,23.0
picassent18,0.0,11.0,1.0,15.0
TheDarkKnight-927,2.0,13.0,0.0,11.0
Intermega,0.0,13.0,1.0,8.0
kamilllus,0.0,12.0,4.0,9.0
hakdag,1.0,11.0,0.0,9.0
Rokuro_696969,2.0,9.0,0.0,9.0
GamerTimur,0.0,14.0,1.0,12.0
OliverFrazao79,0.0,12.0,2.0,26.0
hachas123,0.0,9.0,2.0,17.0
AlexLeipzig,1.0,1.0,0.0,3.0
rahulreddyv,1.0,11.0,0.0,9.0
salimshamas,,,,
Aercio27,0.0,13.0,1.0,14.0
htywx_gnjl,0.0,9.0,1.0,5.0
karimtermos,0.0,12.0,3.0,10.0
Timur_Teregulov_988,0.0,11.0,3.0,11.0
mrmajid20640565,0.0,10.0,1.0,9.0
aogorek,0.0,13.0,1.0,12.0
Inuyasha3261,1.0,9.0,0.0,10.0
HankRearden,0.0,12.0,2.0,12.0
Ginzaboom,0.0,11.0,0.0,10.0
adamjuggler,0.0,11.0,2.0,14.0
dedum,2.0,12.0,0.0,8.0
Cesar_Delgado,1.0,8.0,0.0,12.0
taisetsu,0.0,9.0,1.0,9.0
theila333,0.0,12.0,4.0,14.0
dayo210579,0.0,14.0,1.0,17.0
elpluto,1.0,11.0,0.0,10.0
Humbertvaoal,0.0,9.0,1.0,12.0
sah_mt,0.0,3.0,4.0,8.0
Mihej,2.0,11.0,0.0,14.0
StudentofchessRp,1.0,9.0,0.0,8.0
omidkakavandi95,1.0,1.0,0.0,4.0
CATfish14,0.0,4.0,0.0,7.0
Vivavz,0.0,0.0,0.0,0.0
Logiciels3655,0.0,5.0,1.0,5.0
Xaver191,1.0,13.0,0.0,13.0
chesscastlr,1.0,10.0,0.0,8.0
AlexDmit22,4.0,10.0,0.0,10.0
giorgi_europa,1.0,9.0,0.0,11.0
Manishsharmau,0.0,9.0,1.0,12.0
MGar777,1.0,4.0,0.0,4.0
sondiac,0.0,11.0,1.0,11.0
arifraza_Urbana,0.0,10.0,2.0,12.0
Dipaolad,0.0,9.0,4.0,17.0
Havertje,0.0,10.0,1.0,14.0
DonnieBlue,1.0,12.0,0.0,17.0
macho_09,0.0,12.0,3.0,14.0
SamutogluFurkanEren,0.0,11.0,1.0,8.0
Ceedevita,2.0,10.0,0.0,9.0
AleksK34,1.0,12.0,0.0,11.0
OriaMike,0.0,18.0,1.0,5.0
ianajedres,2.0,11.0,0.0,9.0
Nadav12,0.0,13.0,3.0,9.0
RemyGonzales12,0.0,8.0,3.0,8.0
Elnoormakki,1.0,10.0,0.0,11.0
grbmiranda,1.0,12.0,0.0,9.0
garrycusco,2.0,29.0,0.0,9.0
Luna-Rosa,0.0,7.0,0.0,6.0
Love4Boobies,,,,
alim_241,2.0,7.0,0.0,15.0
khaled_boudina,0.0,10.0,1.0,9.0
MOMO2TAYEB-k,0.0,9.0,2.0,8.0
KayFlock124243232432,0.0,1.0,5.0,5.0
mkmurray4,0.0,9.0,3.0,10.0
niomara19,0.0,9.0,0.0,9.0
Mohamedvv,0.0,0.0,2.0,2.0
Ecozzo,1.0,14.0,0.0,10.0
Davidcin300,0.0,5.0,16.0,18.0
SausLegend,0.0,3.0,2.0,3.0
RomanVll,1.0,9.0,0.0,12.0
Mendi88,0.0,8.0,0.0,11.0
tigany2020,1.0,6.0,0.0,8.0
yordy1992,0.0,10.0,1.0,10.0
cro7nis,0.0,4.0,1.0,4.0
ali339633,0.0,11.0,1.0,9.0
Fiso0,0.0,12.0,2.0,12.0
Jhoyder_Claudio7,0.0,11.0,4.0,13.0
Chessmaster123444,1.0,5.0,0.0,4.0
ClamourOfRooks,1.0,1.0,0.0,0.0
Fayzbek4444,1.0,3.0,0.0,2.0
Frantz27,1.0,10.0,0.0,11.0
Rob_Sandberg,0.0,9.0,1.0,10.0
Bonsai_007,1.0,12.0,0.0,11.0
Pat38260,2.0,14.0,0.0,12.0
ChristopheL,1.0,10.0,0.0,8.0
Gajendraverma11,0.0,7.0,1.0,8.0
XADREZINHO-62,0.0,10.0,2.0,11.0
ays012,0.0,4.0,2.0,6.0
stane60,0.0,12.0,3.0,39.0
ajedreado,0.0,15.0,2.0,10.0
wow_itsreal_nazz,0.0,17.0,2.0,11.0
,0.0,0.0,0.0,0.0
max_zorn,2.0,18.0,0.0,9.0
rockerthanu,0.0,4.0,2.0,11.0
submaps,4.0,9.0,0.0,9.0
CampeonMundial,0.0,12.0,1.0,14.0
PanPeterman,2.0,10.0,0.0,10.0
SubsequentDamage,0.0,5.0,0.0,6.0
kolbox68YT,0.0,9.0,1.0,12.0
Walent2005,1.0,9.0,0.0,11.0
ayuob48,3.0,11.0,0.0,7.0
DEULINXII,0.0,11.0,1.0,10.0
Deltha_Meister,0.0,11.0,2.0,9.0
classicocg,1.0,10.0,0.0,14.0
Lambis_Kaltsarov,2.0,11.0,0.0,7.0
i_am_not_d_devil,0.0,13.0,6.0,14.0
CRYIVME,1.0,9.0,0.0,7.0
David_P0,1.0,10.0,0.0,12.0
PharaohBob,0.0,2.0,1.0,2.0
LocoPineapple,0.0,4.0,2.0,6.0
OgSnkrbbb,0.0,9.0,2.0,12.0
hrtr87,3.0,11.0,0.0,12.0
Tima1988,1.0,13.0,0.0,15.0
Marcotel,0.0,10.0,0.0,10.0
Suresh_NLR,1.0,9.0,0.0,8.0
papito0423,0.0,14.0,1.0,23.0
Enzo9,0.0,12.0,3.0,22.0
waits05,0.0,14.0,2.0,13.0
kser107,1.0,5.0,0.0,4.0
Enderkira73,2.0,9.0,0.0,10.0
tablasnomasbusco,1.0,11.0,0.0,12.0
ZB-UmutTasan,0.0,15.0,1.0,9.0
Mucil78,1.0,12.0,0.0,10.0
BigClav,0.0,11.0,1.0,26.0
ANASBARAKA1,0.0,8.0,3.0,13.0
Black-Taxon,1.0,9.0,0.0,8.0
Niquencio,2.0,10.0,0.0,11.0
flipboywonder,1.0,8.0,0.0,8.0
SpoxySweedy,2.0,5.0,0.0,5.0
RIDHO88-MCS,0.0,8.0,4.0,16.0
Washamama23,0.0,7.0,3.0,9.0
MrFurkan7,3.0,12.0,0.0,10.0
bharath_71,0.0,2.0,3.0,3.0
Adrianov89,0.0,8.0,3.0,11.0
Pere_Fouettard,1.0,21.0,0.0,8.0
Amiroya,0.0,12.0,1.0,11.0
ABC99999999,1.0,12.0,0.0,4.0
Botchokoyy,1.0,9.0,0.0,8.0
Timur_Teregulov_988,0.0,11.0,3.0,11.0
Raehgalchess,1.0,6.0,0.0,4.0
efdetonator,0.0,10.0,8.0,9.0
chessfire2020,0.0,12.0,2.0,12.0
javi28,0.0,11.0,1.0,11.0
Palych,4.0,11.0,0.0,11.0
Mr_3Rai3,0.0,10.0,1.0,9.0
rodf,0.0,12.0,2.0,13.0
gogoLR,1.0,15.0,0.0,13.0
Gabriel_JSSz,0.0,6.0,1.0,6.0
kenfromconnecticut,2.0,2.0,0.0,6.0
Qadizano,,,,
josorianosos,0.0,7.0,1.0,6.0
lasantacruz,2.0,9.0,0.0,4.0
Diaco80,3.0,12.0,0.0,8.0
AI_developer,1.0,14.0,0.0,18.0
YASER97,0.0,10.0,1.0,10.0
AE60,0.0,12.0,1.0,15.0
NateBrady23,3.0,11.0,0.0,9.0
aiftw,0.0,11.0,3.0,11.0
kian_atlasbaf,0.0,4.0,2.0,2.0
Tereza9393,0.0,17.0,1.0,12.0
depp24,7.0,7.0,0.0,6.0
Misterflow,0.0,14.0,3.0,14.0
Harut69,2.0,14.0,0.0,20.0
vittomatin,0.0,4.0,1.0,5.0
sharkattack77,0.0,10.0,2.0,8.0
,0.0,0.0,0.0,0.0
z2daj,0.0,8.0,3.0,9.0
sureaca,2.0,12.0,0.0,14.0
Gibi2000,0.0,9.0,3.0,12.0
Mchessboy,0.0,8.0,3.0,8.0
ECHOS99,1.0,11.0,0.0,17.0
suspens2,0.0,16.0,4.0,13.0
my_slogan,1.0,5.0,0.0,7.0
AntonHolodoff,0.0,12.0,2.0,10.0
Peter30102014,2.0,6.0,0.0,14.0
Sisimo,3.0,11.0,0.0,13.0
ImaRandomBot,1.0,6.0,0.0,10.0
ElPepon,0.0,16.0,1.0,9.0
nelsonleonardoflores,4.0,10.0,0.0,14.0
Zvonimir_Prvi,0.0,9.0,4.0,11.0
hwz0102,0.0,11.0,0.0,12.0
tordo29,1.0,7.0,0.0,5.0
Reda-ivanshik,0.0,14.0,1.0,13.0
Kasmbenice,0.0,8.0,4.0,7.0
tilin-insano,10.0,10.0,0.0,1.0
skandinav,1.0,13.0,0.0,13.0
king_Richie,2.0,13.0,0.0,13.0
Edilberto123,0.0,5.0,1.0,7.0
GilSouza75,0.0,7.0,0.0,7.0
Bryand_Rouille,2.0,9.0,0.0,11.0
nikkramnik_1943,0.0,11.0,4.0,10.0
EXB8612,0.0,6.0,3.0,8.0
kazerelvis,1.0,13.0,0.0,12.0
aban777,0.0,12.0,1.0,24.0
GlobalChessArena,0.0,10.0,1.0,11.0
whinz01,4.0,4.0,0.0,6.0
Labibe,1.0,10.0,0.0,11.0
AlexandrG_1977,2.0,8.0,0.0,18.0
mytsvK,1.0,4.0,0.0,3.0
ibrahm1907,1.0,11.0,0.0,10.0
theglob,0.0,7.0,1.0,7.0
Kadirkuscul,0.0,6.0,1.0,9.0
KanishkSablania,1.0,10.0,0.0,9.0
adpinto93,3.0,8.0,0.0,9.0
alok_sharma,0.0,15.0,1.0,9.0
alimersyside,0.0,9.0,2.0,11.0
NeunZehnHundert,1.0,12.0,0.0,16.0
dennisTheM3nace,0.0,13.0,0.0,15.0
black_caruana,0.0,9.0,1.0,8.0
kopol7,1.0,12.0,0.0,11.0
CD38,0.0,14.0,3.0,15.0
cizinec88,3.0,9.0,0.0,9.0
VeSS78,0.0,6.0,3.0,10.0
pollovsky,0.0,27.0,0.0,14.0
ipung_017,0.0,8.0,1.0,9.0
Shclangeschwarz,2.0,16.0,0.0,10.0
yener999,0.0,12.0,2.0,10.0
Duchmuch,1.0,7.0,0.0,9.0
Joluneg,0.0,12.0,1.0,11.0
masri52,1.0,13.0,0.0,19.0
Stevehola,2.0,13.0,0.0,15.0
HincyRP,1.0,5.0,0.0,8.0
Feli_Jan,1.0,12.0,0.0,14.0
ArnarDark,0.0,4.0,1.0,9.0
SplitCop007,0.0,15.0,3.0,11.0
cassiuscain,0.0,7.0,2.0,12.0
Sakripanzer,3.0,8.0,0.0,8.0
tilin-insano,10.0,10.0,0.0,1.0
Manuelgilr,1.0,9.0,0.0,7.0
tlegrand,0.0,9.0,1.0,8.0
Luxanark,0.0,14.0,3.0,18.0
manron77,0.0,11.0,1.0,15.0
deurnerik,0.0,13.0,2.0,13.0
josedanielfalcon,0.0,13.0,1.0,11.0
Hammouda1972,0.0,12.0,1.0,17.0
kambleamit,1.0,12.0,0.0,10.0
big_willy_bensdad,1.0,9.0,0.0,9.0
PEDROSHO,2.0,14.0,0.0,11.0
tottof22,0.0,8.0,1.0,15.0
karim2002benzi,3.0,15.0,0.0,18.0
raquelina,0.0,11.0,0.0,10.0
Sasssha00,5.0,11.0,0.0,14.0
Shin-777,0.0,16.0,4.0,14.0
antonio_3200,2.0,12.0,0.0,5.0
spiderman55,0.0,10.0,1.0,10.0
jtanozawa,1.0,11.0,0.0,7.0
krokozhyk,4.0,12.0,0.0,11.0
lvbnhbq1982,1.0,12.0,0.0,11.0
FurkanKHAS26,0.0,14.0,2.0,7.0
ajitjoshi,0.0,0.0,0.0,0.0
Cnzay,0.0,9.0,1.0,12.0
hadsox,0.0,7.0,0.0,9.0
,0.0,0.0,0.0,0.0
Ashishsankhla,0.0,12.0,1.0,15.0
B_Michael,0.0,14.0,1.0,9.0
manpafa,1.0,10.0,0.0,10.0
Maclavellus,3.0,3.0,0.0,2.0
abdi1977,0.0,10.0,2.0,14.0
tipa2,0.0,11.0,5.0,10.0
omarkich,1.0,10.0,0.0,8.0
anabelen-abr,0.0,13.0,2.0,10.0
jmtb,1.0,14.0,0.0,15.0
RemyGonzales12,0.0,8.0,3.0,8.0
HektorVla,1.0,7.0,0.0,7.0
mfdp,3.0,10.0,0.0,7.0
UcengBalap,0.0,12.0,2.0,15.0
dominic_decocko,0.0,8.0,2.0,3.0
lijo3408,0.0,12.0,4.0,14.0
ElDonBasti,2.0,10.0,0.0,10.0
keres20188,0.0,11.0,2.0,23.0
Gagoutozor,0.0,9.0,3.0,10.0
Nasserahmed,0.0,9.0,2.0,8.0
VKUTS,0.0,10.0,1.0,15.0
berkancaliskan,0.0,12.0,3.0,14.0
Obehi_Harry,0.0,12.0,3.0,11.0
reza_m110,0.0,12.0,3.0,11.0
Orangutandave,0.0,18.0,1.0,10.0
JOALTOCO,0.0,5.0,7.0,7.0
KHONDOWE,0.0,8.0,5.0,9.0
HernanC,2.0,13.0,0.0,11.0
Strength5gorsk,0.0,9.0,2.0,9.0
general490,0.0,7.0,0.0,6.0
KnightDescry,1.0,1.0,0.0,7.0
AlikLuka1,1.0,8.0,0.0,34.0
bannedforbeingacreep,0.0,9.0,1.0,7.0
Wassermann42,3.0,8.0,0.0,9.0
MilovanL,2.0,4.0,0.0,6.0
knightraider23,0.0,12.0,2.0,17.0
danilotemuco,0.0,9.0,3.0,8.0
MicaUbica,0.0,13.0,3.0,13.0
Thawp,0.0,10.0,5.0,13.0
Arrey_Etta,0.0,10.0,0.0,9.0
Danny_ro,0.0,4.0,1.0,8.0
orangebite,1.0,8.0,0.0,8.0
Wilson420,1.0,14.0,0.0,14.0
MICTLAX,1.0,7.0,0.0,7.0
Rino4,0.0,20.0,2.0,13.0
Yogijazz,0.0,2.0,1.0,4.0
mikhail086,0.0,15.0,0.0,16.0
ryogrande,0.0,11.0,2.0,11.0
Tronic2000,0.0,10.0,1.0,7.0
Humulus,3.0,16.0,0.0,12.0
,0.0,0.0,0.0,0.0
sarmizegetusa,1.0,12.0,0.0,6.0
falerito,0.0,22.0,8.0,12.0
atelierjcqc,2.0,2.0,0.0,1.0
lelalom,0.0,2.0,1.0,14.0
Playerchess37,0.0,6.0,3.0,8.0
SkifChannel,0.0,4.0,9.0,9.0
Nixon18,1.0,9.0,0.0,4.0
Chessnoob3106,0.0,0.0,0.0,1.0
anasac,0.0,7.0,1.0,4.0
PgRcliOkbXstY,2.0,7.0,0.0,6.0
Volgin77,0.0,14.0,1.0,16.0
Josche_Bodensee,1.0,6.0,0.0,13.0
Asabiyaa,3.0,16.0,0.0,7.0
kostuxa,2.0,12.0,0.0,21.0
WillGotPower,1.0,17.0,0.0,15.0
AdiFathanQ,0.0,13.0,2.0,7.0
JoeBigBlunder,0.0,0.0,2.0,2.0
sj1900,0.0,11.0,1.0,12.0
championdelperu,10.0,17.0,0.0,5.0
World-Loser,1.0,18.0,0.0,11.0
POLICE_BKD,2.0,9.0,0.0,6.0
comebacker8,0.0,14.0,1.0,5.0
thejugert,0.0,16.0,2.0,15.0
zielepitt,2.0,11.0,0.0,10.0
kamoujules1983,2.0,21.0,0.0,10.0
tiger198082,0.0,11.0,1.0,9.0
mikeysufc,0.0,12.0,1.0,13.0
plcinsa,0.0,14.0,7.0,9.0
BengalSpook,0.0,5.0,2.0,9.0
gross1975,1.0,13.0,0.0,11.0
An2atolich,0.0,9.0,1.0,5.0
OSMOAS,2.0,9.0,0.0,7.0
fabio62,0.0,13.0,3.0,36.0
derekmanos,0.0,20.0,1.0,5.0
tirador2023,0.0,16.0,2.0,13.0
bb00715,2.0,7.0,0.0,9.0
liondehierro,1.0,18.0,0.0,10.0
miguelsanchez65,2.0,15.0,0.0,12.0
SCZLIBRE,1.0,11.0,0.0,24.0
Ch1llax,0.0,20.0,1.0,7.0
Hamdi85Alagori,0.0,12.0,7.0,13.0
nickporter3,0.0,10.0,1.0,13.0
dontlaf,2.0,5.0,0.0,7.0
Imran30,0.0,16.0,4.0,11.0
ehyer10061006,0.0,4.0,2.0,8.0
mary_m03,0.0,3.0,6.0,6.0
judineptune,2.0,18.0,0.0,14.0
Zotpaard,8.0,14.0,0.0,7.0
mastermige,0.0,12.0,2.0,10.0
Joven_jubilado,0.0,10.0,4.0,11.0
KamranShirazi,0.0,22.0,2.0,19.0
EgorDubrovin,3.0,11.0,0.0,16.0
schachkasper64,5.0,13.0,0.0,10.0
Volfas,1.0,9.0,0.0,11.0
blkn2,0.0,4.0,1.0,7.0
Georgastic,0.0,10.0,0.0,11.0
CB_Paiva,0.0,7.0,0.0,9.0
MainCatur01,0.0,10.0,1.0,12.0
TheeMatFather,0.0,3.0,6.0,6.0
Sicilian101,0.0,22.0,0.0,12.0
mvm55,0.0,12.0,2.0,11.0
Nikola011,1.0,7.0,0.0,6.0
Kilju66,1.0,10.0,0.0,10.0
riddhi210314,0.0,11.0,3.0,10.0
pierog1988,2.0,10.0,0.0,8.0
chesszxj,0.0,34.0,0.0,9.0
fauveard,5.0,15.0,0.0,18.0
leqs4747,0.0,4.0,1.0,20.0
veritoneg,3.0,10.0,0.0,17.0
Dekas16,0.0,13.0,1.0,10.0
MrChessMen,0.0,26.0,1.0,9.0
VEERMANI,0.0,14.0,6.0,16.0
JLPierre-Chatel,2.0,14.0,0.0,11.0
mogwai23,0.0,11.0,8.0,10.0
ELDOUH,1.0,14.0,0.0,11.0
Marcoantonio1919,0.0,23.0,1.0,25.0
Carlossmopa,1.0,6.0,0.0,15.0
varujan1,0.0,4.0,1.0,19.0
norinori02,1.0,6.0,0.0,8.0
LavishChess,0.0,10.0,1.0,7.0
neemaa,4.0,11.0,0.0,12.0
JokerMunz27CUU,3.0,5.0,0.0,9.0
Chad87,0.0,9.0,1.0,7.0
yehya2828,0.0,13.0,2.0,10.0
ShadowKing78,1.0,13.0,0.0,5.0
Isco95,1.0,16.0,0.0,6.0
Estivella,0.0,15.0,0.0,10.0
iguesso,2.0,12.0,0.0,11.0
K4rkLive,0.0,20.0,1.0,7.0
EventHorizonNeptune,1.0,16.0,0.0,16.0
lightfire8888,0.0,9.0,2.0,6.0
Giuseppe1954,1.0,16.0,0.0,13.0
Vaz_7,0.0,12.0,1.0,4.0
Arrea,1.0,7.0,0.0,6.0
Jossi247,0.0,10.0,1.0,10.0
SilentDeath07,1.0,16.0,0.0,10.0
JUANdcb,0.0,0.0,0.0,0.0
RickTargaryen,1.0,13.0,0.0,9.0
bombardiertraxx,4.0,11.0,0.0,8.0
Alessandro_98,0.0,8.0,3.0,11.0
bg14,0.0,12.0,1.0,10.0
bozkunduz,0.0,11.0,0.0,12.0
Polomoche,0.0,13.0,0.0,14.0
DiegoVicencio,,,,
Homely_Hamster,1.0,13.0,0.0,4.0
Xavielson,0.0,14.0,0.0,13.0
hardestplayer1234,,,,
spartasoldier,0.0,15.0,5.0,9.0
Asni_ckd,5.0,14.0,0.0,13.0
ProfeAlfredo,0.0,9.0,3.0,7.0
AM0R_FATI,0.0,9.0,1.0,9.0
mbo2101,1.0,17.0,0.0,11.0
repsol415,2.0,2.0,0.0,2.0
thehenryg1,0.0,1.0,1.0,1.0
BrandoliniChess,2.0,18.0,0.0,10.0
first_step_nm,4.0,12.0,0.0,11.0
bsmail,1.0,24.0,0.0,12.0
BatuChs,0.0,2.0,2.0,4.0
mazinoov,1.0,8.0,0.0,11.0
helmerfudd,2.0,11.0,0.0,12.0
landy887,3.0,14.0,0.0,10.0
stanschlae,0.0,16.0,1.0,11.0
alexa01123,6.0,13.0,0.0,9.0
tomikhatulistiwa,0.0,11.0,1.0,11.0
Lebed1974,0.0,3.0,1.0,2.0
Reiluis,0.0,13.0,2.0,16.0
MOD2Y,0.0,0.0,0.0,0.0
filmer75,1.0,18.0,0.0,16.0
Opabinia,2.0,9.0,0.0,6.0
E4SattCHESS,0.0,5.0,1.0,8.0
UY_Scuti_V12-V12-A5,4.0,13.0,0.0,5.0
uurdem36,2.0,15.0,0.0,12.0
Juliolopez77,0.0,9.0,1.0,11.0
Polarq,1.0,8.0,0.0,8.0
Safilent,0.0,5.0,4.0,12.0
Hah1mat,0.0,11.0,1.0,7.0
zangebismefe02,0.0,0.0,0.0,0.0
berribalxadrez,1.0,8.0,0.0,4.0
astonmartin007,5.0,50.0,0.0,6.0
AGG2020,0.0,29.0,1.0,8.0
EgorVadov,0.0,14.0,1.0,12.0
Artuj,6.0,8.0,0.0,9.0
to7m,3.0,9.0,0.0,8.0
nick_chubb,1.0,11.0,0.0,7.0
Wlewo,0.0,14.0,3.0,13.0
Juwillose,2.0,5.0,0.0,3.0
italian5,0.0,29.0,0.0,12.0
Olivier237,2.0,9.0,0.0,9.0
BAJOPERFIL,0.0,16.0,1.0,15.0
BeBee1,5.0,7.0,0.0,10.0
PRADEUS,0.0,13.0,0.0,5.0
Veganfloyd,0.0,13.0,1.0,15.0
romerojex,1.0,7.0,0.0,6.0
Kristian-G,0.0,11.0,2.0,8.0
wandale,0.0,7.0,1.0,10.0
JaqueSL,1.0,13.0,0.0,12.0
error1994,1.0,10.0,0.0,14.0
SybrenJ,3.0,11.0,0.0,11.0
alex_insulin,0.0,8.0,1.0,13.0
antoniolbs,1.0,9.0,0.0,11.0
AntonSerebryakov,3.0,4.0,0.0,4.0
Davidcarpediem,0.0,13.0,2.0,10.0
maia1,0.0,37.0,1.0,28.0
Nad3z,1.0,14.0,0.0,7.0
MySnakeDoc,1.0,29.0,0.0,8.0
mehrsa2017,0.0,3.0,3.0,7.0
waxq666,0.0,11.0,0.0,3.0
judoca77,0.0,11.0,3.0,24.0
mauricioaravena1989,0.0,9.0,0.0,7.0
UnBazat,1.0,9.0,0.0,11.0
JoaoVLeite01,2.0,10.0,0.0,11.0
AIDAZEMLIANOVA,0.0,0.0,1.0,5.0
desahogarse,1.0,12.0,0.0,13.0
nothing_new34,0.0,4.0,3.0,3.0
cheluskin03,2.0,11.0,0.0,7.0
darkhan76,0.0,3.0,10.0,15.0
AxelMS,1.0,6.0,0.0,3.0
martineki,0.0,7.0,1.0,7.0
LeonidSmirnov,4.0,16.0,0.0,10.0
sar2007,0.0,13.0,2.0,6.0
Maxwellbrot,1.0,9.0,0.0,13.0
hacheg,0.0,19.0,2.0,12.0
dims1990,1.0,10.0,0.0,11.0
M-DeVerdier,1.0,10.0,0.0,12.0
Shyam007rock,0.0,9.0,2.0,10.0
Crazy_Alchemist,0.0,10.0,2.0,9.0
vamosss,0.0,11.0,1.0,10.0
GuilhermeWSF,0.0,11.0,2.0,7.0
FryedChess,0.0,0.0,0.0,0.0
Quaradan,4.0,13.0,0.0,12.0
Ben_dm,2.0,7.0,0.0,5.0
StarFunKull,5.0,5.0,0.0,4.0
ajaykoli,0.0,10.0,2.0,11.0
trojmiastogdynia,0.0,7.0,2.0,10.0
Al_turron,0.0,16.0,3.0,9.0
CarlitosAlcaraz,1.0,10.0,0.0,8.0
KasparovSeinGaertner,1.0,11.0,0.0,10.0
taildraggers,2.0,11.0,0.0,13.0
Gwenuser12,0.0,7.0,1.0,7.0
SokoZ,0.0,17.0,8.0,11.0
chesspyrate,0.0,11.0,1.0,13.0
Catalonia-Kann,0.0,6.0,1.0,6.0
chess_follower,5.0,12.0,0.0,8.0
Hokage007,0.0,12.0,1.0,12.0
DailyTornado,8.0,20.0,0.0,9.0
Mixozya,0.0,7.0,1.0,8.0
Vahidm5995,0.0,10.0,1.0,13.0
mihhak,0.0,15.0,1.0,12.0
SKfox,1.0,10.0,0.0,11.0
UNDER_WORLD,0.0,29.0,1.0,9.0
Amory_Blaine,3.0,3.0,0.0,5.0
TheNotoriousCorn,1.0,6.0,0.0,5.0
ReceFiceBrumBrum,4.0,20.0,0.0,10.0
Zaya_777,0.0,9.0,2.0,4.0
milzral,0.0,1.0,2.0,7.0
jenish1609,0.0,5.0,2.0,13.0
semen_mor,0.0,11.0,2.0,6.0
trescuatro,1.0,19.0,0.0,8.0
shah7754shah,0.0,12.0,1.0,15.0
ruhulaminzaki,0.0,12.0,0.0,10.0
ninoecassandra,0.0,11.0,1.0,11.0
davidahoppe,0.0,18.0,2.0,17.0
PawnGrabber100,0.0,13.0,1.0,10.0
poirot84,0.0,12.0,9.0,9.0
n_skorostensky,1.0,5.0,0.0,5.0
didac29,0.0,3.0,1.0,10.0
mshah1033,1.0,5.0,0.0,4.0
Filipok_149,0.0,6.0,0.0,11.0
adtaylor,0.0,10.0,1.0,9.0
MATEVZ_2014,0.0,11.0,1.0,9.0
UralskKz,1.0,13.0,0.0,26.0
jorgeellgar,0.0,14.0,1.0,12.0
Tejas_Agarwal164,0.0,2.0,1.0,5.0
Ebert_Spider,0.0,8.0,2.0,7.0
haderli,0.0,11.0,1.0,13.0
kobandi,9.0,14.0,0.0,8.0
FirePhoenix89,0.0,14.0,1.0,9.0
MrWabiSabi,3.0,9.0,0.0,4.0
kbrk,0.0,10.0,1.0,12.0
Lynx_BOT,1.0,32.0,0.0,31.0
jesgluckner,0.0,13.0,1.0,14.0
Schweigenn2,0.0,8.0,1.0,11.0
Mansur123Y,0.0,9.0,1.0,7.0
Anonymous2010_11010,2.0,9.0,0.0,10.0
Wutangclan36,2.0,13.0,0.0,13.0
Hamedpendar3333,2.0,14.0,0.0,11.0
skydanser,1.0,12.0,0.0,13.0
JajajaQue,0.0,8.0,1.0,8.0
Eucclid34,2.0,9.0,0.0,12.0
AtomicApple,0.0,17.0,3.0,14.0
Madhavan93,0.0,8.0,2.0,9.0
midlman11,0.0,9.0,1.0,10.0
cbh1711,0.0,14.0,1.0,13.0
noodlesmanchurian,0.0,8.0,2.0,6.0
lovdanjero,0.0,12.0,5.0,12.0
Serhiiz,0.0,11.0,1.0,12.0
chessgraphics,0.0,5.0,1.0,10.0
Eideeen,0.0,14.0,0.0,4.0
shaheenShine,1.0,10.0,0.0,9.0
ferreirarib,3.0,6.0,0.0,8.0
Mister_1986,1.0,9.0,0.0,9.0
champ_vaibhav,0.0,9.0,2.0,10.0
Fork_De_Toillette,3.0,5.0,0.0,7.0
you-are_not_serious,0.0,23.0,2.0,8.0
borallev,2.0,13.0,0.0,8.0
lima20222,0.0,12.0,2.0,15.0
thailand_hero78,0.0,10.0,3.0,8.0
EYwang,2.0,2.0,0.0,2.0
Lichtle,0.0,10.0,3.0,14.0
Steph030,1.0,1.0,0.0,0.0
WiseMan4,0.0,10.0,1.0,11.0
hashtagwilliam,1.0,6.0,0.0,7.0
Jmonjos,0.0,11.0,3.0,10.0
machschattmach,0.0,7.0,2.0,7.0
prep_Depp,1.0,8.0,0.0,9.0
backhomesoon,1.0,12.0,0.0,10.0
polgu,0.0,14.0,1.0,14.0
XaveyonA,1.0,7.0,0.0,4.0
mojtaba214,0.0,10.0,1.0,12.0
soyleyenda_777,,,,
m7moudhosam,6.0,10.0,0.0,11.0
andrib82,0.0,2.0,1.0,6.0
AcemiUsta,3.0,7.0,0.0,8.0
MATVEUZ,0.0,2.0,5.0,5.0
anti-pac,0.0,0.0,0.0,0.0
Rubelito,3.0,11.0,0.0,12.0
MrSOK,2.0,34.0,0.0,26.0
Lepakomies,1.0,2.0,0.0,2.0
frastanmaria,0.0,10.0,3.0,10.0
Nejmeddined,1.0,18.0,0.0,10.0
Blauregen,0.0,14.0,2.0,10.0
mathu21,0.0,11.0,3.0,14.0
minael_72,1.0,13.0,0.0,18.0
Baluma,0.0,12.0,4.0,11.0
Ayoade,0.0,12.0,3.0,19.0
abdulazizthamer,2.0,10.0,0.0,8.0
Soi82,0.0,14.0,1.0,12.0
HoomanMafi1,0.0,12.0,2.0,11.0
JDWalker,0.0,12.0,1.0,6.0
KirkPhillip,0.0,1.0,1.0,1.0
elconceto,12.0,18.0,0.0,10.0
AJD32,6.0,12.0,0.0,6.0
vuksmart7,0.0,10.0,4.0,14.0
maxwil,1.0,13.0,0.0,14.0
Mumbamutati,1.0,11.0,0.0,11.0
Tony-2,0.0,9.0,3.0,17.0
Zapata79,0.0,11.0,5.0,9.0
pacalmisu,0.0,23.0,0.0,16.0
savio33,0.0,8.0,1.0,6.0
Identitary88,2.0,2.0,0.0,4.0
dexter001385,0.0,11.0,1.0,9.0
Thefanofmorphy1967,0.0,18.0,2.0,9.0
OurTrippyTribe11,1.0,4.0,0.0,7.0
Cosmosdos,0.0,12.0,2.0,7.0
chess_for_real,3.0,15.0,0.0,4.0
edeleon,2.0,8.0,0.0,11.0
vschach,5.0,12.0,0.0,12.0
Meiirem,0.0,11.0,5.0,12.0
Giorbinky,0.0,18.0,2.0,16.0
Antaeus50,0.0,0.0,0.0,0.0
Mqrott,0.0,14.0,1.0,16.0
cbh1711,0.0,14.0,1.0,13.0
Fernando-S,1.0,8.0,0.0,14.0
warrior33333,0.0,4.0,1.0,10.0
,0.0,0.0,0.0,0.0
ovidiolichess,0.0,14.0,1.0,17.0
punitaswal,0.0,14.0,1.0,12.0
venanccio,0.0,15.0,1.0,15.0
,0.0,0.0,0.0,0.0
KentNicks,0.0,4.0,1.0,4.0
Pessinaldo,0.0,0.0,0.0,0.0
o7777,0.0,14.0,2.0,20.0
Hankup,1.0,10.0,0.0,16.0
kristofkegels,2.0,19.0,0.0,7.0
rtrident,0.0,12.0,1.0,7.0
TMuller,0.0,17.0,1.0,7.0
Sbspca,1.0,14.0,0.0,18.0
Stensson210,2.0,12.0,0.0,50.0
AndersFriden,0.0,14.0,2.0,16.0
hacheg,0.0,19.0,2.0,12.0
Fredtastic,0.0,10.0,2.0,11.0
MACORTES,0.0,9.0,2.0,11.0
vasili68tmb,0.0,0.0,3.0,3.0
Enrike_Cuba,2.0,20.0,0.0,9.0
StrongKhaganaK1ller,2.0,14.0,0.0,7.0
akerfeldt0811,1.0,8.0,0.0,10.0
Mm123698745,0.0,10.0,6.0,11.0
Ricsi99,0.0,6.0,1.0,21.0
ChessComMustBeClosed,3.0,8.0,0.0,10.0
Yasmin_Antonella,1.0,4.0,0.0,10.0
csaar,3.0,13.0,0.0,11.0
xXelgharbawyXx,2.0,12.0,0.0,11.0
DusanRasic,1.0,7.0,0.0,6.0
Bauernschlauer,0.0,11.0,2.0,13.0
UsuallyGetFlagged,0.0,20.0,6.0,9.0
Dmitrii45rus,0.0,12.0,4.0,11.0
Tlazarde,0.0,12.0,3.0,10.0
Samurai_KCI,6.0,11.0,0.0,4.0
ACTION111,3.0,12.0,0.0,11.0
Max_Check,0.0,7.0,1.0,14.0
axmahone,2.0,4.0,0.0,4.0
GeorGm7,2.0,4.0,0.0,10.0
Safronov_Andrey,0.0,27.0,0.0,51.0
fortunex2,1.0,13.0,0.0,10.0
WinNoFail,1.0,9.0,0.0,9.0
dma880,0.0,10.0,1.0,10.0
Kacyiscool,1.0,12.0,0.0,9.0
victordaniel37,0.0,17.0,5.0,15.0
OPonck,0.0,8.0,1.0,10.0
Sichigu,0.0,5.0,1.0,4.0
Phiz2020,0.0,16.0,1.0,9.0
a_big_fan_of_chess,2.0,9.0,0.0,15.0
IoriYagami_249,0.0,11.0,5.0,9.0
David2Dk,0.0,6.0,0.0,5.0
Kingy070911,0.0,8.0,1.0,19.0
woong0824,0.0,10.0,1.0,10.0
Norwich91,0.0,11.0,1.0,11.0
Arnemann,2.0,7.0,0.0,16.0
Tenessy,0.0,18.0,0.0,12.0
speedstick153917,0.0,8.0,5.0,21.0
chessdotcomvirgin,2.0,9.0,0.0,8.0
KhatanbaatarGM,0.0,27.0,0.0,10.0
chek-one,1.0,16.0,0.0,11.0
t01let_g04t,1.0,8.0,0.0,4.0
CZohmingliana,1.0,25.0,0.0,10.0
ErrXr1312,0.0,10.0,1.0,16.0
usernkv,2.0,11.0,0.0,11.0
ValidAlekhine,0.0,65.0,1.0,6.0
Minixcool,1.0,15.0,0.0,10.0
fluffy_rook,0.0,2.0,1.0,3.0
NojlaMik666LsoN,0.0,9.0,4.0,7.0
Tilichkin,2.0,13.0,0.0,11.0
Novik89,2.0,18.0,0.0,8.0
dnos80,2.0,10.0,0.0,14.0
CarlosDaniel31,5.0,16.0,0.0,10.0
matenote,0.0,17.0,2.0,16.0
RookNRooky,1.0,9.0,0.0,10.0
sivkaburka,6.0,26.0,0.0,9.0
Am0k0,1.0,13.0,0.0,9.0
WiseMan4,0.0,10.0,1.0,11.0
gammadrill,0.0,12.0,1.0,13.0
Manoj-P,0.0,5.0,2.0,18.0
atomic_shark,0.0,10.0,3.0,9.0
nekro29,0.0,5.0,4.0,4.0
damonachey,4.0,12.0,0.0,9.0
georgecostanza,1.0,10.0,0.0,13.0
MdSharifHossain,0.0,14.0,1.0,16.0
JuanSaso,0.0,10.0,2.0,10.0
GennadiyTarasov_46,3.0,11.0,0.0,13.0
Escueta_PE2,0.0,7.0,1.0,10.0
andiii7,4.0,14.0,0.0,17.0
Mahanand,0.0,9.0,1.0,15.0
Lupo-56,0.0,11.0,1.0,12.0
MrDensity,1.0,22.0,0.0,3.0
viosoenk,0.0,6.0,1.0,6.0
hiiibrido,0.0,14.0,1.0,15.0
Billy68,9.0,9.0,0.0,13.0
Graukater,1.0,17.0,0.0,9.0
Matsps,2.0,10.0,0.0,13.0
Benyamin_93,2.0,16.0,0.0,13.0
amiralikhan,2.0,16.0,0.0,5.0
Travian2018,0.0,13.0,1.0,12.0
Blaklino,1.0,13.0,0.0,17.0
geekrick,1.0,10.0,0.0,6.0
adtaylor,0.0,10.0,1.0,9.0
amjadchess01,0.0,31.0,1.0,7.0
cckoldarda,2.0,9.0,0.0,10.0
ilyaskareem,0.0,11.0,2.0,9.0
johanaker,0.0,13.0,1.0,11.0
Tessarect,0.0,11.0,2.0,7.0
lockdawg,2.0,16.0,0.0,19.0
KnightsCamera_Action,5.0,14.0,0.0,10.0
NonMasterS,0.0,10.0,2.0,10.0
Ryomen_Sukuna,0.0,2.0,1.0,1.0
DeljemPivo,0.0,8.0,1.0,11.0
Davureta,0.0,11.0,5.0,13.0
Komgrol,0.0,9.0,2.0,9.0
piotr1066,3.0,14.0,0.0,14.0
madansuwal,0.0,13.0,1.0,12.0
CSDD2010,0.0,2.0,2.0,3.0
Getsgatensho,0.0,0.0,2.0,2.0
pmv960,0.0,50.0,1.0,14.0
Master_DM_is_Back,0.0,13.0,1.0,7.0
joselisko,0.0,9.0,1.0,8.0
rajaputih,0.0,20.0,1.0,7.0
Cosie,0.0,12.0,5.0,11.0
odinchert,1.0,20.0,0.0,15.0
PeteDiscreet,0.0,11.0,0.0,11.0
tobr02b,0.0,7.0,1.0,19.0
Kasparov1096,1.0,9.0,0.0,13.0
leapingbison,1.0,10.0,0.0,10.0
Nimzowitch2010,18.0,71.0,0.0,10.0
Saltaev,1.0,16.0,0.0,8.0
Jaychris2220,1.0,7.0,0.0,9.0
Meralagrave777,1.0,9.0,0.0,13.0
AlexYackovlef,0.0,10.0,3.0,8.0
davood3940,0.0,5.0,0.0,12.0
Angel_Prince,1.0,12.0,0.0,11.0
Movaro,1.0,10.0,0.0,11.0
nikola2323,2.0,6.0,0.0,8.0
komodo54,11.0,16.0,0.0,10.0
Kals311,0.0,9.0,1.0,11.0
Mania3,0.0,0.0,0.0,0.0
volodi,0.0,9.0,1.0,9.0
Rigobertossss,0.0,4.0,1.0,5.0
carelessblunder,0.0,13.0,2.0,12.0
Feuriger_Angreifer,2.0,12.0,0.0,6.0
StrainOnTheBrain,1.0,12.0,0.0,7.0
DKX111,0.0,7.0,2.0,12.0
Sergeisemenovich3791,0.0,8.0,1.0,9.0
,0.0,0.0,0.0,0.0
botdestroyer169,2.0,4.0,0.0,6.0
natureboi,1.0,13.0,0.0,14.0
Rita321,1.0,10.0,0.0,13.0
tig-90,1.0,16.0,0.0,20.0
Agent212,0.0,11.0,1.0,9.0
Atenilson21,0.0,7.0,2.0,5.0
slipperyguy,0.0,12.0,2.0,7.0
LordMagnito,1.0,10.0,0.0,18.0
Der_Kuchenmann,1.0,14.0,0.0,8.0
hasanzarbi25,0.0,15.0,2.0,11.0
FurkiGege,1.0,10.0,0.0,12.0
domshan,1.0,11.0,0.0,9.0
Dumbtruck,0.0,10.0,0.0,11.0
Lefu_Sekharume1998,0.0,13.0,1.0,11.0
Denis_Chess_Online,2.0,11.0,0.0,9.0
khurshud,0.0,13.0,1.0,11.0
miclifff2011,,,,
sasha_solovev_777,1.0,23.0,0.0,9.0
TatianaTrufanova,1.0,12.0,0.0,11.0
Grmalkin,0.0,11.0,1.0,10.0
Pomidorkaaaa,2.0,9.0,0.0,8.0
rustevs,2.0,27.0,0.0,10.0
Coljfore,2.0,16.0,0.0,13.0
Miloyooo,0.0,9.0,2.0,12.0
kasparik_garik,1.0,18.0,0.0,16.0
jenyjins,0.0,4.0,3.0,10.0
weiss57,1.0,10.0,0.0,10.0
DUKALIS_Tolya,0.0,12.0,2.0,10.0
Klimenko_Sergey_IM,0.0,30.0,0.0,9.0
Papagayo,3.0,20.0,0.0,12.0
byser,2.0,13.0,0.0,14.0
Quicksilver2398,0.0,7.0,2.0,8.0
,0.0,0.0,0.0,0.0
diego_gre,2.0,9.0,0.0,10.0
Hamidalc,1.0,11.0,0.0,12.0
Giasooganchand,1.0,1.0,0.0,0.0
chesspapidaddy,0.0,11.0,3.0,15.0
IVANTINEO1624,0.0,17.0,2.0,17.0
TheGreyChampion,0.0,1.0,2.0,2.0
wozeran11,1.0,11.0,0.0,10.0
paxanovikov,0.0,1.0,1.0,3.0
Motasem_Motaz,0.0,3.0,4.0,6.0
treeampfuse,1.0,9.0,0.0,10.0
samarinda_kaltim,0.0,11.0,3.0,10.0
KyleBlockbuster,1.0,14.0,0.0,10.0
Mamoudeee,2.0,14.0,0.0,16.0
Snipper2,0.0,14.0,2.0,12.0
oscar-david,0.0,11.0,2.0,12.0
Nonestbonum,1.0,9.0,0.0,12.0
peanasan,0.0,10.0,2.0,20.0
malapaka,0.0,16.0,1.0,11.0
Vava1758955,0.0,2.0,4.0,5.0
boomggg3,1.0,10.0,0.0,10.0
imsujith,2.0,10.0,0.0,13.0
entropy35,1.0,21.0,0.0,9.0
Crew12,1.0,15.0,0.0,8.0
jiannis_mitsis,0.0,17.0,1.0,7.0
Franquo,2.0,10.0,0.0,10.0
Prashantppm,2.0,9.0,0.0,8.0
chessvafr1804,4.0,11.0,0.0,7.0
lilmaby,2.0,13.0,0.0,10.0
Litmanenn,0.0,17.0,1.0,13.0
J_Noble,0.0,10.0,1.0,6.0
pineappleb,1.0,10.0,0.0,6.0
JuanK_Alvares,0.0,13.0,2.0,22.0
Jpwane,0.0,14.0,1.0,10.0
traxx777,1.0,9.0,0.0,7.0
zhallnrc,0.0,8.0,1.0,7.0
Shamil1981,0.0,14.0,4.0,15.0
PedramPaymanNia,0.0,13.0,6.0,11.0
fakecancer,1.0,12.0,0.0,15.0
,0.0,0.0,0.0,0.0
fauveard,5.0,15.0,0.0,18.0
gregory1964,0.0,10.0,2.0,22.0
QWERMNBV,0.0,7.0,1.0,19.0
TakuMal007,6.0,16.0,0.0,9.0
Silvermist15,0.0,9.0,1.0,12.0
internationale88,0.0,10.0,4.0,10.0
HerzliyaLostSon,4.0,11.0,0.0,13.0
legbreaker,1.0,17.0,0.0,14.0
JBakker,0.0,29.0,1.0,8.0
Che_Vergara,4.0,12.0,0.0,10.0
Afrikello,2.0,8.0,0.0,15.0
Bobbeja_62,8.0,12.0,0.0,15.0
chhota_bachha,0.0,9.0,1.0,4.0
pecsiroland7,1.0,10.0,0.0,1.0
halfprice,1.0,16.0,0.0,12.0
,0.0,0.0,0.0,0.0
saisureshrnb,0.0,2.0,1.0,1.0
rajasahari,0.0,17.0,0.0,8.0
fischerz,0.0,16.0,0.0,14.0
DrHamedIR,2.0,12.0,0.0,12.0
juliancho22,1.0,11.0,0.0,9.0
Dileonardi,2.0,13.0,0.0,11.0
quiquegiordano,0.0,12.0,1.0,11.0
Rikelme11,0.0,13.0,3.0,10.0
rail007,1.0,4.0,0.0,11.0
iArvindPrajapati,2.0,12.0,0.0,10.0
sfsfoxws,0.0,5.0,1.0,12.0
ClimbMT70,0.0,13.0,1.0,15.0
DiabloDiabloDiablo,3.0,14.0,0.0,7.0
Oleh_Horodechnyi,0.0,10.0,1.0,9.0
matthieu_dambrain,0.0,14.0,0.0,16.0
EvandroGodoy,2.0,11.0,0.0,7.0
Greasygray,0.0,12.0,2.0,11.0
marnuss,0.0,6.0,1.0,8.0
leef147,7.0,8.0,0.0,10.0
Devarshraj10,2.0,2.0,0.0,4.0
brackanin1971,0.0,0.0,1.0,1.0
Lassesonne,0.0,14.0,1.0,11.0
quegolazo,1.0,8.0,0.0,7.0
charly182,2.0,4.0,0.0,2.0
olivierCrolles,0.0,23.0,1.0,10.0
mstank011,1.0,8.0,0.0,6.0
musicboy,0.0,15.0,3.0,15.0
ATA-71,0.0,1.0,2.0,3.0
khrucher,0.0,10.0,1.0,9.0
Solsama,1.0,12.0,0.0,8.0
Bold_Dugar76,0.0,14.0,1.0,10.0
KHaaALIIL,0.0,1.0,1.0,3.0
indifferentspleen,2.0,17.0,0.0,11.0
flug9,0.0,11.0,5.0,10.0
chesssspeedrunner,0.0,20.0,3.0,7.0
MrSvirski,0.0,11.0,3.0,11.0
Spieler1973,0.0,7.0,1.0,10.0
Nebdvdmdv,0.0,8.0,3.0,9.0
HasanKastraveci,5.0,12.0,0.0,10.0
FinalSpot,5.0,11.0,0.0,8.0
Pescaderocalvo,1.0,12.0,0.0,11.0
pk36,8.0,12.0,0.0,16.0
MaximKasirin,4.0,11.0,0.0,12.0
lebalvn1,0.0,7.0,0.0,12.0
chessTX9,1.0,9.0,0.0,12.0
Ajayalpha,0.0,8.0,4.0,11.0
ToniMCT,1.0,11.0,0.0,8.0
HowlinD,3.0,15.0,0.0,12.0
Nkolo,0.0,8.0,2.0,15.0
SinEnigmas,0.0,11.0,0.0,11.0
amsd,0.0,9.0,1.0,11.0
Mmanrique-losalamos,0.0,4.0,3.0,3.0
Lucida17,1.0,30.0,0.0,8.0
fettuccinepasta,3.0,13.0,0.0,9.0
Umesh_Kumar2202,0.0,4.0,2.0,6.0
Crimson215,3.0,9.0,0.0,8.0
Arsam-karimy,0.0,8.0,3.0,10.0
Julienbach,1.0,8.0,0.0,9.0
BlazeRage,2.0,17.0,0.0,10.0
Jhonny9,0.0,13.0,1.0,10.0
patea40,0.0,14.0,8.0,22.0
Chestnut2000,0.0,11.0,1.0,12.0
caasi031088,0.0,0.0,0.0,0.0
vanos98,1.0,11.0,0.0,13.0
ulfheddin23,1.0,1.0,0.0,1.0
Chesslord1989,0.0,9.0,5.0,7.0
HA59,1.0,7.0,0.0,16.0
sheldem,1.0,14.0,0.0,15.0
miguelsanchez65,1.0,15.0,0.0,12.0
eduarc,0.0,8.0,1.0,9.0
CHRIS-GALAXY,0.0,9.0,2.0,11.0
lialal,0.0,1.0,1.0,4.0
Black-Bear,4.0,17.0,0.0,8.0
medusa_bocas,0.0,12.0,1.0,8.0
yassineelmaazouz,0.0,11.0,1.0,12.0
gibsorya,0.0,1.0,1.0,3.0
seraphin_skywalker,1.0,11.0,0.0,10.0
Stammargg,5.0,17.0,0.0,9.0
TEMARA,0.0,12.0,7.0,11.0
CleverClover,,,,
Naoel2024,1.0,10.0,0.0,11.0
great_nezhmetdinov2,1.0,17.0,0.0,10.0
Kartal1881,1.0,10.0,0.0,11.0
tazcyp,1.0,14.0,0.0,12.0
NowinsHere,2.0,11.0,0.0,8.0
bloodshot77,0.0,9.0,3.0,6.0
TeliTmas,0.0,27.0,1.0,11.0
zlatnakisa33,1.0,11.0,0.0,12.0
zzulu,2.0,9.0,0.0,11.0
,0.0,0.0,0.0,0.0
mikmikci,0.0,16.0,2.0,34.0
Louisschach2007,2.0,4.0,0.0,4.0
Bakiking,0.0,1.0,1.0,1.0
ghibran,1.0,10.0,0.0,12.0
Eh-Zria,0.0,19.0,1.0,20.0
Admmmmm,1.0,5.0,0.0,8.0
gmilovechess,0.0,9.0,1.0,6.0
Dominance_1,2.0,8.0,0.0,7.0
Dragon_Benoni,2.0,17.0,0.0,9.0
ChicagoAL,0.0,9.0,1.0,12.0
Batrn,0.0,13.0,2.0,10.0
outoftheblu,0.0,18.0,5.0,10.0
Nikitka228,1.0,13.0,0.0,16.0
Jennifer_Scowling,0.0,0.0,4.0,4.0
Jhotti,2.0,10.0,0.0,11.0
Matrix72,2.0,9.0,0.0,7.0
mlms719,0.0,1.0,1.0,6.0
wakedog,3.0,36.0,0.0,12.0
ViperCWL,1.0,17.0,0.0,8.0
zee-egel,0.0,30.0,2.0,7.0
TallymanGC,0.0,15.0,3.0,11.0
s_ach,1.0,6.0,0.0,7.0
Bartus-chess,1.0,10.0,0.0,3.0
grandmastergauri,2.0,39.0,0.0,8.0
gmilovechess,0.0,9.0,1.0,6.0
Edgar2303,3.0,14.0,0.0,12.0
David1316,2.0,11.0,0.0,11.0
Anonymo4044E,0.0,12.0,1.0,13.0
AhmeddHason,0.0,9.0,2.0,16.0
Drummer57,0.0,0.0,2.0,2.0
Vinciaco88,2.0,10.0,0.0,9.0
wwilhelm,0.0,14.0,1.0,14.0
AJEDREZ-UNA-PUNO,0.0,10.0,1.0,8.0
ZOGMA,0.0,2.0,0.0,4.0
abuzambak,3.0,12.0,0.0,8.0
chukur,0.0,10.0,1.0,11.0
Murtadha,0.0,13.0,1.0,16.0
NeMemuruAlkolBey,0.0,11.0,2.0,8.0
confused_person,2.0,7.0,0.0,9.0
mrmaslyjr,2.0,4.0,0.0,6.0
HouseOfLeaves19,0.0,16.0,2.0,12.0
smilingknight,5.0,47.0,0.0,13.0
adrienn_schnell,5.0,18.0,0.0,1.0
DrFrankenstein27,0.0,18.0,1.0,6.0
tabarisch96,5.0,8.0,0.0,12.0
Coopdaddyusa,0.0,0.0,2.0,2.0
femis23,0.0,15.0,1.0,9.0
Kingroche1974,6.0,15.0,0.0,12.0
j256413,0.0,5.0,3.0,13.0
Zzzyoun,2.0,9.0,0.0,14.0
brlol,0.0,8.0,8.0,25.0
Shamdrei,1.0,22.0,0.0,7.0
GurnBlandsten,1.0,17.0,0.0,4.0
amrils,0.0,24.0,3.0,9.0
Leinfellnergregor,0.0,2.0,6.0,7.0
TapiwaS,1.0,1.0,0.0,4.0
GrandestBlunderer,0.0,11.0,1.0,15.0
Syahrani92,0.0,10.0,3.0,9.0
evilthought,0.0,7.0,2.0,6.0
mahaprac,0.0,12.0,4.0,11.0
zahatel1,0.0,8.0,4.0,10.0
Ad-Jas,3.0,5.0,0.0,22.0
eleslavo,0.0,11.0,0.0,10.0
Aloneking10,1.0,10.0,0.0,12.0
uhlmannfan,0.0,26.0,1.0,9.0
talented1391,2.0,13.0,0.0,14.0
udaltsovandrew,0.0,10.0,2.0,11.0
zrm03,0.0,12.0,2.0,12.0
SUNS-16,0.0,2.0,1.0,3.0
AlexTriapishko,0.0,60.0,0.0,7.0
naive_knight,1.0,5.0,0.0,12.0
Ruisaraiva,2.0,8.0,0.0,13.0
garuita,1.0,9.0,0.0,10.0
LokmanARI,0.0,14.0,3.0,11.0
Dimasdi72,1.0,9.0,0.0,8.0
RedEyes_BlackDragon,1.0,10.0,0.0,9.0
Arslan_Sonic,0.0,2.0,1.0,7.0
hayir_olayneyani,3.0,16.0,0.0,7.0
Kiezking,0.0,21.0,1.0,18.0
freebody,0.0,0.0,0.0,0.0
Bartus-chess,1.0,10.0,0.0,3.0
Ya_Sapog,1.0,9.0,0.0,9.0
komodo54,11.0,16.0,0.0,10.0
Oleg-LC,0.0,13.0,2.0,15.0
elitsoor,0.0,13.0,6.0,11.0
OtavioGrandini,0.0,7.0,2.0,7.0
politicallyincorrect,0.0,19.0,2.0,27.0
Tioyorss,0.0,12.0,1.0,13.0
CH33SED,3.0,10.0,0.0,10.0
Shivaji23,0.0,14.0,1.0,12.0
dave_hammett,1.0,23.0,0.0,14.0
khanh6a,0.0,2.0,2.0,2.0
midhat59,0.0,14.0,2.0,12.0
dy0ma,0.0,12.0,1.0,11.0
Moisias,0.0,6.0,1.0,9.0
neburiscool,0.0,0.0,0.0,0.0
chandan11,4.0,6.0,0.0,10.0
Kuzelnik,0.0,13.0,0.0,12.0
iExystoria,0.0,1.0,6.0,6.0
JNesh,0.0,10.0,2.0,11.0
,0.0,0.0,0.0,0.0
evilnuchess,0.0,9.0,4.0,16.0
jl91600,1.0,3.0,0.0,6.0
Lansetchess,0.0,10.0,2.0,14.0
Kaareem74,2.0,8.0,0.0,13.0
saileach76,0.0,5.0,0.0,10.0
AleO10,1.0,11.0,0.0,18.0
norinori02,1.0,6.0,0.0,8.0
elmchess26,1.0,8.0,0.0,8.0
BIGTEEEE,2.0,18.0,0.0,11.0
delgadoju,1.0,14.0,0.0,16.0
NGDG1234,0.0,6.0,2.0,9.0
InesFelix-ADCCA,0.0,2.0,1.0,13.0
BOYBETTERKNOW9445,1.0,7.0,0.0,11.0
gargpg81,0.0,1.0,1.0,3.0
furi_za,0.0,10.0,3.0,3.0
Ataur2357,1.0,11.0,0.0,12.0
chaste,0.0,13.0,1.0,10.0
Ann57,1.0,10.0,0.0,8.0
novik70,1.0,20.0,0.0,14.0
sage-mod,0.0,5.0,1.0,8.0
OmAaremad2,0.0,7.0,1.0,10.0
beerb0rn,0.0,0.0,0.0,0.0
toquetoque_aperturas,0.0,13.0,0.0,10.0
monkey1983,1.0,12.0,0.0,15.0
tyarooni,1.0,13.0,0.0,7.0
Cpt_Iglu,0.0,8.0,2.0,11.0
klarochka,0.0,6.0,1.0,5.0
dimirest2,0.0,8.0,1.0,12.0
Albert7,0.0,13.0,2.0,8.0
JeandeMurol,1.0,38.0,0.0,7.0
VitorBronson,0.0,18.0,0.0,10.0
dunican,0.0,16.0,1.0,8.0
adask10,0.0,17.0,1.0,8.0
megaboxpuregold,0.0,0.0,0.0,0.0
Stileee,0.0,11.0,2.0,9.0
Barbashinigor,0.0,20.0,4.0,14.0
heckle,1.0,11.0,0.0,17.0
SABJAF1985,0.0,12.0,3.0,15.0
PoutaPilvi1885,0.0,10.0,8.0,89.0
ChessArtHouse,0.0,17.0,1.0,4.0
qiyashasanov,0.0,3.0,1.0,8.0
boysnake,3.0,10.0,0.0,11.0
BP_124_LLY,0.0,3.0,1.0,5.0
ghesto,0.0,6.0,2.0,7.0
alebic,0.0,10.0,2.0,13.0
younowa1,0.0,9.0,2.0,14.0
brac60,2.0,12.0,0.0,13.0
murimi02,0.0,1.0,1.0,3.0
Cappybarra,0.0,5.0,0.0,5.0
tunakocak,6.0,10.0,0.0,15.0
amrj7389,0.0,14.0,1.0,16.0
saucex3,0.0,15.0,1.0,12.0
Zivithaler,0.0,7.0,4.0,9.0
daddyat1,1.0,7.0,0.0,11.0
shaurya1702,0.0,16.0,0.0,10.0
DrainedBattery,0.0,9.0,1.0,9.0
Mariphoenix,0.0,7.0,0.0,8.0
o0oBlackHawko0o,0.0,7.0,1.0,6.0
PofLi,0.0,10.0,2.0,13.0
etoabel2,0.0,21.0,2.0,10.0
MichalRarak,0.0,5.0,1.0,7.0
waldirocha,1.0,15.0,0.0,38.0
Joshua_Mphande,1.0,12.0,0.0,16.0
ElanChassid,4.0,9.0,0.0,13.0
AchintyaRai2000,1.0,15.0,0.0,10.0
blackmaster19,0.0,10.0,2.0,15.0
Dinar_2015397,1.0,1.0,0.0,9.0
trendf345,0.0,8.0,5.0,11.0
mevewyzy,0.0,10.0,1.0,8.0
cmsrgn,3.0,7.0,0.0,7.0
flashchess2023,0.0,12.0,2.0,14.0
jezoc,3.0,13.0,0.0,12.0
kotokrokodyl,5.0,24.0,0.0,20.0
Imhuzzaifa,0.0,12.0,1.0,5.0
feketegyalog,0.0,2.0,1.0,6.0
vladikal,1.0,14.0,0.0,13.0
Andrey_chesster,0.0,0.0,0.0,0.0
Carrythelogs,0.0,6.0,1.0,4.0
mielpopszhuzhuzhu,1.0,8.0,0.0,3.0
Kakoka,0.0,6.0,1.0,11.0
Morning-Stars,0.0,5.0,1.0,4.0
charansai09852,2.0,10.0,0.0,10.0
WindowBroke,2.0,7.0,0.0,7.0
wtfai,0.0,20.0,1.0,9.0
Sagittarius2904,1.0,12.0,0.0,12.0
MuseLizard,0.0,11.0,2.0,9.0
crazy_play,0.0,16.0,0.0,10.0
schurik65,2.0,10.0,0.0,9.0
serch_mex,3.0,8.0,0.0,8.0
KnightsCamera_Action,5.0,14.0,0.0,10.0
Pul,0.0,14.0,2.0,13.0
b1rd_tv_ru,0.0,11.0,7.0,8.0
tomkoel,0.0,1.0,1.0,2.0
ghost918,0.0,5.0,4.0,15.0
ilicm,0.0,8.0,2.0,13.0
BaboshinDmitriy12,6.0,14.0,0.0,10.0
rto69,0.0,13.0,1.0,6.0
SloKilla50,0.0,9.0,3.0,12.0
Nicolai-master,0.0,12.0,1.0,11.0
GGGuri,3.0,7.0,0.0,7.0
msLex,0.0,10.0,2.0,10.0
romchik86,0.0,2.0,3.0,3.0
TomaszMa,3.0,8.0,0.0,11.0
,0.0,0.0,0.0,0.0
mlody_ale_dobry,0.0,12.0,0.0,4.0
saddkidz,0.0,10.0,1.0,22.0
Molot_ua,0.0,14.0,1.0,6.0
VVUA,1.0,8.0,0.0,16.0
safas9002,0.0,9.0,1.0,10.0
JDR1990,1.0,7.0,0.0,7.0
seniorcookiemonster,0.0,8.0,0.0,6.0
vikra23,0.0,11.0,1.0,15.0
DrOwain,4.0,7.0,0.0,9.0
Awave_13,0.0,3.0,2.0,7.0
adelovskychess31,0.0,8.0,1.0,4.0
Starbox2010,2.0,9.0,0.0,6.0
OnePysy,0.0,14.0,2.0,7.0
HassanOnMars,2.0,2.0,0.0,8.0
nathan67,0.0,3.0,0.0,11.0
Wojtasawf79,0.0,9.0,1.0,9.0
sklerotik,1.0,10.0,0.0,8.0
VL_SH,0.0,12.0,5.0,12.0
papezuvptak,0.0,10.0,1.0,6.0
Adeshg,1.0,10.0,0.0,13.0
StepanenkoVV,0.0,8.0,3.0,16.0
Amdrian,0.0,9.0,3.0,11.0
Jonesgill,2.0,9.0,0.0,14.0
Luxarcadia2020,0.0,9.0,1.0,7.0
Odohamster,0.0,9.0,3.0,8.0
Aakash1balaji,0.0,0.0,0.0,0.0
jurissaksis,0.0,10.0,4.0,8.0
jovabakann,0.0,16.0,2.0,5.0
Leon_Blanco,0.0,13.0,8.0,26.0
MasterVader631,0.0,22.0,2.0,11.0
joseluism2,1.0,7.0,0.0,6.0
linasst,0.0,11.0,2.0,24.0
Dante_Alighieri12,1.0,9.0,0.0,7.0
ersgcg,0.0,13.0,3.0,8.0
DieBeforeYouDie,1.0,8.0,0.0,12.0
safyahmad1265,0.0,25.0,1.0,10.0
Nik_aij_210,0.0,7.0,2.0,11.0
Thinker06,4.0,15.0,0.0,10.0
,0.0,0.0,0.0,0.0
Neadickvatik_2024,1.0,2.0,0.0,1.0
cesarjesus73,4.0,14.0,0.0,13.0
braulioenigma,0.0,12.0,1.0,15.0
Diman_boot,0.0,12.0,1.0,14.0
RudolfKarl,1.0,16.0,0.0,15.0
denis-rucoba-tuanama,0.0,27.0,1.0,13.0
JavitarC,3.0,14.0,0.0,5.0
Onur5728,0.0,11.0,1.0,10.0
wuarabei,0.0,9.0,3.0,6.0
Esat_Demirel,0.0,11.0,1.0,14.0
alexey4eg2,1.0,14.0,0.0,8.0
doppelbanger,1.0,8.0,0.0,18.0
s3ka123,2.0,5.0,0.0,12.0
Tibko86,1.0,10.0,0.0,11.0
jurissaksis,0.0,10.0,4.0,8.0
The_Miracle_of_Yudo,0.0,10.0,1.0,5.0
anglelazaretto,0.0,10.0,3.0,19.0
TanteBerta4,0.0,5.0,1.0,5.0
DaNy_E,1.0,9.0,0.0,8.0
cousin68,0.0,21.0,3.0,23.0
Rooky97,2.0,7.0,0.0,10.0
andreyneustroev2016,5.0,12.0,0.0,17.0
Svensen72,0.0,1.0,5.0,8.0
FABRILLACTAHUAMAN,0.0,15.0,11.0,11.0
ChessSavesWorld,2.0,18.0,0.0,14.0
SokG2000,1.0,9.0,0.0,4.0
Szowt9,5.0,6.0,0.0,4.0
sknn,0.0,9.0,2.0,9.0
ChessArtHouse,0.0,17.0,1.0,4.0
mollossetannen,2.0,8.0,0.0,11.0
wataha,0.0,12.0,3.0,15.0
mishurashi0525,3.0,8.0,0.0,4.0
AlfonsoLopez,4.0,10.0,0.0,11.0
Saberiaa,0.0,8.0,1.0,10.0
Pabllik1983,0.0,16.0,5.0,9.0
catbro81,1.0,7.0,0.0,9.0
EliasAlegreb_UTP,3.0,7.0,0.0,7.0
cmanourass,0.0,12.0,1.0,13.0
salkin_8,0.0,9.0,1.0,10.0
stergiosmat,0.0,3.0,0.0,4.0
INVASION_0000,1.0,8.0,0.0,11.0
Ger2013man,2.0,8.0,0.0,8.0
LionKing1966,0.0,12.0,1.0,16.0
Vusalism,1.0,2.0,0.0,2.0
SAFIEHALEPPO,0.0,17.0,2.0,9.0
zion67982,2.0,14.0,0.0,21.0
rupal_roy,0.0,7.0,2.0,8.0
mcgi2018,1.0,13.0,0.0,14.0
WilhemSteinitz,3.0,9.0,0.0,7.0
richdaly,0.0,12.0,1.0,11.0
Rosales05,3.0,17.0,0.0,32.0
Hamburguesa008,1.0,1.0,0.0,3.0
Makiii-Chess,1.0,5.0,0.0,6.0
makinshon2001,4.0,13.0,0.0,12.0
Relashio,0.0,11.0,1.0,7.0
Joonanakz,1.0,9.0,0.0,4.0
monhadem,1.0,5.0,0.0,8.0
AliJRoo,0.0,9.0,1.0,6.0
GBGRICH79,0.0,9.0,3.0,12.0
Lobori,0.0,9.0,1.0,10.0
IvanRybin2010,0.0,7.0,1.0,9.0
CHAKA9JA,0.0,8.0,2.0,13.0
HammibalLecter,,,,
B4ndW,0.0,10.0,1.0,9.0
karda27,0.0,10.0,2.0,17.0
ruggiep,2.0,8.0,0.0,12.0
jubintu09,6.0,12.0,0.0,9.0
uber-frog,1.0,6.0,0.0,3.0
sibo23,5.0,22.0,0.0,27.0
Mischuk_D,0.0,82.0,0.0,11.0
Zjdhsi,3.0,3.0,0.0,2.0
yoyokan,0.0,10.0,4.0,9.0
JohnKC,1.0,10.0,0.0,13.0
Spartan_Lion,0.0,20.0,2.0,8.0
Nozdrachev_Vladislav,0.0,23.0,2.0,8.0
kookoo1,2.0,5.0,0.0,7.0
juanichess,2.0,15.0,0.0,10.0
shuvoxcd01,0.0,10.0,1.0,9.0
yatno_berau,,,,
analisispostmortem,1.0,14.0,0.0,5.0
yew0202,0.0,8.0,3.0,8.0
Manodu,1.0,9.0,0.0,11.0
Petar143,0.0,8.0,3.0,8.0
Gesha174,0.0,0.0,0.0,0.0
Whynot72,0.0,15.0,1.0,13.0
MightBeDecent,1.0,12.0,0.0,9.0
David_ol,2.0,9.0,0.0,14.0
putralangbah,,,,
Tal_is_amazing,0.0,13.0,1.0,12.0
thohno,0.0,9.0,1.0,12.0
belowme,0.0,22.0,1.0,11.0
adinair,2.0,7.0,0.0,5.0
KimJonsson89,0.0,12.0,1.0,10.0
Jahllo,0.0,5.0,1.0,7.0
Terrence0429,0.0,8.0,3.0,15.0
WesleyAraxa,2.0,24.0,0.0,17.0
sergiolaf,1.0,1.0,0.0,0.0
Sekhfeth,0.0,1.0,2.0,2.0
MATRIXTRINITY,1.0,40.0,0.0,13.0
kotokrot,0.0,14.0,6.0,10.0
Chessibague,0.0,17.0,3.0,16.0
toasty13,1.0,9.0,0.0,10.0
Trebor23,4.0,11.0,0.0,13.0
ChessPlayerAttempt,0.0,0.0,2.0,2.0
Carbono18,2.0,13.0,0.0,11.0
elMerda,0.0,13.0,6.0,9.0
bio-j,0.0,10.0,2.0,7.0
MdSharifHossain,0.0,14.0,1.0,16.0
peon666,3.0,31.0,0.0,7.0
Goeasyonme981,0.0,11.0,1.0,11.0
beyazsacli,0.0,13.0,2.0,11.0
Gautham_A,3.0,14.0,0.0,9.0
levent11arslan,0.0,19.0,3.0,10.0
MELCHOR66,0.0,9.0,3.0,12.0
reminor,2.0,14.0,0.0,12.0
ulukun,0.0,7.0,2.0,12.0
KoenigMufasa,1.0,12.0,0.0,10.0
Premier_Chess,0.0,21.0,1.0,10.0
eric_clive,1.0,9.0,0.0,14.0
yapov74,3.0,14.0,0.0,9.0
neon542,1.0,16.0,0.0,7.0
knightwyrm,1.0,13.0,0.0,5.0
Kyklops81,1.0,15.0,0.0,15.0
crazy2024j,0.0,7.0,3.0,12.0
Juanitochess,1.0,14.0,0.0,15.0
Pandamu,0.0,3.0,6.0,6.0
venufork,0.0,11.0,1.0,11.0
peterpetar,5.0,9.0,0.0,10.0
Anton_Wiriadinata,0.0,0.0,1.0,1.0
Dementor314,0.0,9.0,1.0,12.0
nopieceout,0.0,11.0,1.0,10.0
samehelfeel,0.0,12.0,1.0,10.0
Chesser_Koustuv,4.0,20.0,0.0,7.0
juanillo956,0.0,11.0,1.0,13.0
lucindq19,0.0,1.0,2.0,2.0
Eskamoter,0.0,12.0,2.0,9.0
michgood1,0.0,9.0,3.0,8.0
brownieconcaca,0.0,9.0,3.0,6.0
cyberleader,2.0,7.0,0.0,6.0
Angbatil,0.0,15.0,0.0,13.0
DimRimKnight,1.0,12.0,0.0,13.0
LuisLopez2003,0.0,12.0,2.0,10.0
valop_27,0.0,4.0,2.0,2.0
Ildar_Khaziiev,0.0,0.0,1.0,1.0
DouceHeure,1.0,5.0,0.0,9.0
MoreTeaVicar,0.0,9.0,1.0,10.0
Kayrat_S,1.0,10.0,0.0,12.0
EnteSc,0.0,15.0,2.0,11.0
mmarameo,0.0,9.0,2.0,9.0
milesj99,0.0,15.0,2.0,15.0
livingeasley,0.0,3.0,4.0,14.0
UmamiTsunami,1.0,8.0,0.0,10.0
Dejay27dabreo,4.0,8.0,0.0,15.0
Nika-2015,0.0,2.0,2.0,6.0
cranberry314,1.0,14.0,0.0,10.0
Kaissa69,0.0,12.0,1.0,16.0
rickyquint,0.0,10.0,1.0,8.0
spajsini,4.0,8.0,0.0,8.0
Katalonien,0.0,17.0,1.0,28.0
Doyoulikeourowl,0.0,5.0,2.0,4.0
LaDbug,3.0,15.0,0.0,10.0
Novichek1,0.0,2.0,2.0,4.0
gmchandra,2.0,10.0,0.0,8.0
octider2502,1.0,10.0,0.0,2.0
joeALT30,3.0,11.0,0.0,7.0
Kirill-shadow,12.0,15.0,0.0,11.0
sinaaaaa69,0.0,20.0,2.0,16.0
yrodriguez,0.0,18.0,1.0,13.0
Al-20,4.0,13.0,0.0,9.0
rhpalomino,0.0,20.0,2.0,13.0
carloVI,0.0,5.0,4.0,36.0
M_eren_cerci,0.0,7.0,3.0,15.0
Desbarrador,0.0,12.0,2.0,14.0
Mamanucaaa,0.0,5.0,0.0,4.0
Parmenidis,0.0,7.0,3.0,7.0
Oliveirarocha,5.0,12.0,0.0,10.0
johnnyboi27,1.0,11.0,0.0,9.0
Juanitochess,1.0,14.0,0.0,15.0
Pyanyimaster,0.0,11.0,3.0,10.0
Liutaas,0.0,3.0,1.0,8.0
tokating,1.0,19.0,0.0,13.0
juanjo_003989,5.0,25.0,0.0,12.0
Punisher3000,0.0,15.0,1.0,13.0
lovexinyu,1.0,1.0,0.0,1.0
Peter_tu,2.0,6.0,0.0,11.0
GITES,0.0,8.0,3.0,9.0
Apovit,1.0,19.0,0.0,10.0
secanto,2.0,12.0,0.0,9.0
,0.0,0.0,0.0,0.0
partyparty,0.0,9.0,1.0,11.0
marsuplami,2.0,10.0,0.0,9.0
suchyjd,0.0,6.0,3.0,6.0
ODRA-3RBI,0.0,4.0,1.0,7.0
SYAFIQUE,0.0,11.0,2.0,6.0
AmanManju,0.0,5.0,1.0,6.0
otgonc,0.0,1.0,1.0,4.0
impogthefunnyfrog,5.0,15.0,0.0,6.0
SingaporeLion,0.0,0.0,0.0,0.0
Heisenberg_50,0.0,5.0,1.0,6.0
tactinhos2900,1.0,36.0,0.0,13.0
MINETANGO001,1.0,14.0,0.0,9.0
narun4sk,0.0,12.0,2.0,12.0
Defendiendome,2.0,15.0,0.0,12.0
TLTLTLTLTLTLTLTLTIT,1.0,9.0,0.0,15.0
samirelshafie,0.0,10.0,3.0,25.0
spaceguild,1.0,13.0,0.0,9.0
flochessi,0.0,11.0,2.0,11.0
Chessibague,0.0,17.0,3.0,16.0
fidelmaxi1,2.0,12.0,0.0,11.0
Temirr,1.0,10.0,0.0,10.0
Fooray,0.0,16.0,1.0,11.0
shatar77,0.0,13.0,1.0,12.0
PiyonveAt,2.0,12.0,0.0,12.0
manfromunderground,2.0,8.0,0.0,10.0
SammoChess,2.0,4.0,0.0,6.0
veselin85,0.0,14.0,3.0,8.0
Giorbinky,0.0,18.0,2.0,16.0
CrispoOrbis,0.0,10.0,1.0,13.0
AetC,0.0,7.0,0.0,6.0
adk494,0.0,8.0,2.0,9.0
Calculathor,0.0,7.0,0.0,6.0
Coolfish814,0.0,10.0,4.0,8.0
brbrstkkn,0.0,9.0,0.0,12.0
rparchi1,1.0,9.0,0.0,12.0
CengizhanT96,0.0,6.0,2.0,3.0
sudhirravi,0.0,10.0,0.0,9.0
zedaykin,0.0,6.0,0.0,5.0
AADD_8591,1.0,8.0,0.0,9.0
Ixemane,1.0,11.0,0.0,10.0
neburperea,3.0,31.0,0.0,8.0
pedromendozab,0.0,15.0,2.0,13.0
sayanrath2013,0.0,2.0,1.0,11.0
chessboard_960,1.0,1.0,0.0,0.0
sohaiib,1.0,13.0,0.0,12.0
Drecapf,2.0,7.0,0.0,10.0
Sikelic,0.0,8.0,2.0,12.0
NOVATOCHESS1945,5.0,10.0,0.0,9.0
Odilkhon,1.0,9.0,0.0,12.0
,0.0,0.0,0.0,0.0
megachad99,0.0,4.0,5.0,11.0
bambanglinda,2.0,5.0,0.0,3.0
PISHON78,0.0,15.0,3.0,10.0
Avinash2004,1.0,16.0,0.0,8.0
KLBennett,0.0,21.0,1.0,9.0
m123_543,1.0,7.0,0.0,9.0
bkoleg,5.0,12.0,0.0,10.0
Computercheat,0.0,37.0,1.0,20.0
TheVeganDude,1.0,19.0,0.0,12.0
Linus193,1.0,11.0,0.0,22.0
Arko_makan,1.0,9.0,0.0,9.0
,0.0,0.0,0.0,0.0
going_places,0.0,8.0,1.0,9.0
ONEGoG_a,0.0,12.0,4.0,9.0
tanqueta,0.0,13.0,1.0,15.0
Obligen,0.0,7.0,3.0,6.0
YegorKuznetsov-79,0.0,16.0,7.0,20.0
tributetojackjohnson,8.0,16.0,0.0,9.0
iqlain,0.0,10.0,4.0,6.0
Alexandr-M,2.0,29.0,0.0,8.0
Cornflake_kid,1.0,10.0,0.0,10.0
harshauro,0.0,10.0,1.0,13.0
cmpttt,1.0,3.0,0.0,11.0
ProudAloha,0.0,11.0,1.0,12.0
ermonnezza80,0.0,15.0,5.0,14.0
john370,1.0,8.0,0.0,9.0
Cadett12,1.0,14.0,0.0,14.0
Dark-Knight-I,0.0,4.0,4.0,6.0
JVCG,4.0,12.0,0.0,11.0
chabadnik770,0.0,14.0,2.0,9.0
Schachspielermeister,0.0,7.0,2.0,8.0
Emeka_dee,1.0,11.0,0.0,30.0
Potferdek,1.0,7.0,0.0,9.0
ufo90,3.0,19.0,0.0,8.0
Emporio_Armani,0.0,31.0,1.0,8.0
kalehtosal,0.0,11.0,1.0,9.0
Philidor23,2.0,25.0,0.0,10.0
bekzat78,0.0,11.0,2.0,11.0
Burkenvist,1.0,5.0,0.0,5.0
bahman_akbari2211,3.0,8.0,0.0,10.0
Liebre98,3.0,9.0,0.0,10.0
knightwyrm,1.0,13.0,0.0,5.0
lctrov,0.0,5.0,1.0,9.0
limexxx3,2.0,12.0,0.0,11.0
Stonefly6,2.0,13.0,0.0,12.0
shox0324,2.0,13.0,0.0,11.0
VitaliiBazhan,0.0,20.0,1.0,9.0
Serik876,0.0,7.0,1.0,9.0
careless25,0.0,18.0,1.0,9.0
professor_utiputi,2.0,9.0,0.0,9.0
astonvilla27,1.0,14.0,0.0,15.0
MileDavis,4.0,30.0,0.0,17.0
tsairovski,0.0,9.0,0.0,23.0
Reyanshrungta,0.0,4.0,3.0,7.0
Lippan,0.0,11.0,1.0,12.0
basenga,1.0,13.0,0.0,11.0
Giovannipio42_40,0.0,5.0,2.0,8.0
Srikar2004,1.0,12.0,0.0,11.0
knightmare357,1.0,13.0,0.0,12.0
niktverd,0.0,8.0,1.0,5.0
,0.0,0.0,0.0,0.0
,0.0,0.0,0.0,0.0
ppom13,1.0,34.0,0.0,8.0
HC87,0.0,11.0,4.0,14.0
kedveskuszobab,0.0,11.0,2.0,5.0
Suomynona91011,0.0,14.0,2.0,15.0
cdhiemsas,2.0,10.0,0.0,11.0
bullt2015,0.0,9.0,5.0,13.0
mikhail086,0.0,15.0,0.0,16.0
toan01092005,2.0,7.0,0.0,8.0
Valeri1964,1.0,13.0,0.0,8.0
DemotingKings,2.0,13.0,0.0,8.0
Soy-Eso,6.0,8.0,0.0,8.0
Svilupa,0.0,2.0,3.0,3.0
VladmirCortelinho,0.0,19.0,2.0,11.0
HowlinD,3.0,15.0,0.0,12.0
Aryanp_11,0.0,3.0,2.0,4.0
Lucash2020,5.0,10.0,0.0,13.0
DrunkNdontgiveaFOOK,0.0,2.0,1.0,1.0
lalupe,0.0,11.0,6.0,51.0
DustyBottom,0.0,9.0,3.0,13.0
blondeukrainian,2.0,2.0,0.0,6.0
HasanKastraveci,5.0,12.0,0.0,10.0
khalidshakaly0,0.0,9.0,0.0,8.0
MohammadAayanKhan,0.0,11.0,1.0,14.0
cauktrigo,0.0,2.0,1.0,5.0
m69v,0.0,12.0,0.0,11.0
Adil20015,0.0,12.0,1.0,14.0
CaballodeMiranda,0.0,15.0,0.0,11.0
victv,0.0,2.0,1.0,7.0
Petterpann,0.0,0.0,1.0,1.0
NeverEverClever,1.0,15.0,0.0,21.0
HaroldChasen,0.0,13.0,4.0,15.0
Limitedservice,0.0,10.0,2.0,10.0
AlexandrRomchuck23,0.0,3.0,3.0,8.0
Dr-messi,0.0,3.0,2.0,7.0
Javicho1111,1.0,9.0,0.0,10.0
dstid,2.0,8.0,0.0,8.0
raminahmadi56,1.0,12.0,0.0,12.0
Dahmane27,1.0,12.0,0.0,6.0
booyatheboss,0.0,13.0,2.0,12.0
Cloudless23,0.0,12.0,1.0,12.0
bolt68,4.0,13.0,0.0,7.0
greenfarmer,0.0,13.0,2.0,14.0
Vulcan150815,0.0,13.0,2.0,11.0
conkyr,0.0,12.0,1.0,12.0
awrzidk,0.0,10.0,1.0,9.0
Garfield-Chess-Cat55,1.0,12.0,0.0,8.0
adaync,2.0,7.0,0.0,6.0
Labourdonais,2.0,9.0,0.0,6.0
Brainer02,2.0,10.0,0.0,5.0
N41N,0.0,10.0,1.0,11.0
surfing_mantis,0.0,11.0,3.0,14.0
Slayerking03,0.0,6.0,0.0,1.0
gramplex,2.0,13.0,0.0,12.0
Gab17,0.0,10.0,4.0,10.0
Benireal,0.0,9.0,0.0,7.0
Kiros_G,0.0,11.0,2.0,13.0
Solkaren,0.0,11.0,1.0,15.0
luiz-zanata,2.0,8.0,0.0,7.0
Abhay080,1.0,11.0,0.0,22.0
wick31,1.0,11.0,0.0,10.0
esastincy,1.0,8.0,0.0,12.0
nmpanch,3.0,9.0,0.0,15.0
positionaloldman,3.0,22.0,0.0,10.0
Maradon,1.0,11.0,0.0,8.0
kostya0011,0.0,8.0,4.0,9.0
Captainemo19,1.0,11.0,0.0,8.0
kt_melvin99,0.0,9.0,1.0,4.0
Kksarmaib,1.0,10.0,0.0,13.0
Thal79,0.0,11.0,2.0,12.0
Kozmosz,1.0,12.0,0.0,10.0
Bubbles11,3.0,19.0,0.0,11.0
,0.0,0.0,0.0,0.0
vaskur,1.0,12.0,0.0,13.0
Raphael254,0.0,10.0,1.0,10.0
Aleks-007,0.0,0.0,1.0,1.0
Belost,1.0,15.0,0.0,10.0
aravbaid3105,1.0,17.0,0.0,21.0
bigbiff,0.0,12.0,1.0,16.0
FincherFan,0.0,8.0,2.0,7.0
Lamentationsz,0.0,8.0,5.0,5.0
Bouzzchess,0.0,10.0,0.0,10.0
oldfisk,0.0,12.0,0.0,8.0
tan_malaka,1.0,14.0,0.0,8.0
Neng_Evita,0.0,10.0,1.0,10.0
rsegecin,0.0,13.0,3.0,17.0
tykpyk,2.0,12.0,0.0,8.0
s3ka123,2.0,5.0,0.0,12.0
PLSchess,0.0,3.0,1.0,1.0
kokitoSs,0.0,15.0,2.0,21.0
Pendar0406,0.0,6.0,2.0,10.0
ThatChessGuy96,0.0,8.0,1.0,6.0
Timila,1.0,24.0,0.0,8.0
Arsenalsky,1.0,10.0,0.0,12.0
Singh1313,1.0,6.0,0.0,3.0
gorkagf,0.0,12.0,2.0,9.0
CleverClover,,,,
Perodactil,4.0,4.0,0.0,4.0
Cibernew,1.0,11.0,0.0,16.0
CuneytAlsu,5.0,7.0,0.0,7.0
Poeratto,1.0,4.0,0.0,6.0
AmirmasoudMoradi,0.0,25.0,0.0,4.0
WelcomeWinters,2.0,14.0,0.0,11.0
hamedk71,1.0,10.0,0.0,11.0
Volgatch_kruche_vseh,,,,
JJGoodIdea,,,,
Spiderodisha,0.0,11.0,1.0,11.0
Tarak999,1.0,8.0,0.0,5.0
diepketoan99,2.0,9.0,0.0,8.0
Antonkuleshov88,1.0,10.0,0.0,7.0
benlama,0.0,16.0,1.0,7.0
perpetualRook1111,2.0,13.0,0.0,14.0
Hoogland1,0.0,13.0,1.0,11.0
UST_B,3.0,29.0,0.0,8.0
bahmanint,0.0,14.0,1.0,13.0
drmax1956,0.0,15.0,3.0,11.0
olasmul,0.0,10.0,0.0,7.0
RChamp88,1.0,12.0,0.0,7.0
ElefanteNegro,0.0,16.0,1.0,82.0
atong87,0.0,10.0,1.0,10.0
pol451,0.0,9.0,3.0,9.0
aylocc,0.0,0.0,2.0,10.0
mahanthsaim,2.0,2.0,0.0,0.0
LIAMKAIT,0.0,11.0,1.0,10.0
Abolfazl_Sadati,0.0,3.0,0.0,1.0
riadhkay,0.0,6.0,2.0,10.0
El_Precisione,6.0,19.0,0.0,8.0
mrcorbie,0.0,11.0,3.0,9.0
MatterEaterLad,0.0,12.0,2.0,4.0
ChessNinja23,0.0,1.0,1.0,12.0
PERICO56,0.0,7.0,1.0,8.0
yeguapuraraza,5.0,11.0,0.0,11.0
Scuffia,2.0,12.0,0.0,13.0
Hippie83,0.0,9.0,1.0,8.0
Oscar0314,0.0,2.0,1.0,8.0
gelyaromanova,0.0,16.0,2.0,5.0
Adxamjon1989,9.0,10.0,0.0,11.0
Javihdz21,2.0,11.0,0.0,9.0
ponchomaster,1.0,11.0,0.0,11.0
ThroneMine,3.0,9.0,0.0,12.0
unit-ir,0.0,15.0,1.0,14.0
TiredGarbage,0.0,14.0,2.0,13.0
Jlopez77,1.0,5.0,0.0,10.0
firtydank,2.0,14.0,0.0,15.0
prateekrajadas,3.0,5.0,0.0,12.0
feruz_229,1.0,20.0,0.0,11.0
samqr33,3.0,14.0,0.0,15.0
Vishu_4007,0.0,14.0,1.0,9.0
shaantanu2410,1.0,5.0,0.0,9.0
Moneim55,1.0,11.0,0.0,9.0
owntheowner,0.0,18.0,1.0,13.0
okCool123,0.0,6.0,1.0,6.0
,0.0,0.0,0.0,0.0
,0.0,0.0,0.0,0.0
ySTNF,1.0,7.0,0.0,9.0
Joeldinho,0.0,14.0,1.0,12.0
AlisaKri,0.0,1.0,0.0,0.0
das_schach,2.0,13.0,0.0,13.0
kavookavala2,1.0,9.0,0.0,8.0
Puzzle2100,1.0,11.0,0.0,10.0
iceonboard,2.0,21.0,0.0,9.0
Dumbious,2.0,21.0,0.0,15.0
Q21-_mail,1.0,17.0,0.0,35.0
G_v2,0.0,8.0,1.0,9.0
JoeySVillar,0.0,15.0,2.0,9.0
artemisaalfonzina,0.0,7.0,1.0,7.0
weakduckling,1.0,9.0,0.0,21.0
e_aqtash_c4,5.0,7.0,0.0,11.0
Stanislav33,3.0,24.0,0.0,6.0
nicktadd,0.0,11.0,1.0,15.0
Itlog_King,0.0,29.0,2.0,12.0
samraatraja,0.0,0.0,0.0,0.0
mehrdad4194,0.0,0.0,1.0,1.0
dosen1231,1.0,12.0,0.0,16.0
VincenzoACM,0.0,5.0,1.0,9.0
SpwGG,0.0,18.0,3.0,26.0
teoribertahan,0.0,10.0,1.0,5.0
michamib,1.0,15.0,0.0,11.0
nunek09993,2.0,9.0,0.0,6.0
Akaponi,0.0,9.0,2.0,7.0
Toly73_12-02Ch,2.0,18.0,0.0,6.0
SerzhUA,0.0,7.0,1.0,8.0
effugium,1.0,8.0,0.0,13.0
,0.0,0.0,0.0,0.0
,0.0,0.0,0.0,0.0
Nyanks02j,0.0,14.0,1.0,13.0
oscarito1913,0.0,13.0,1.0,13.0
sir_shroomer,0.0,7.0,1.0,8.0
vinaypatil93,0.0,11.0,1.0,9.0
it25,0.0,7.0,5.0,11.0
Sicilian_Slav,4.0,12.0,0.0,5.0
Agarlitw,0.0,11.0,1.0,10.0
minolin,2.0,9.0,0.0,9.0
plansugus,0.0,17.0,2.0,8.0
klokeshc,0.0,12.0,1.0,62.0
Srikar2004,1.0,12.0,0.0,11.0
pedro71,0.0,12.0,3.0,9.0
VexedYeoman,4.0,25.0,0.0,7.0
ForeignEntity,0.0,14.0,2.0,10.0
alinapupova,1.0,19.0,0.0,17.0
delaTr,0.0,13.0,5.0,15.0
INS4NE_1,0.0,7.0,1.0,13.0
LAYONEL,0.0,15.0,5.0,25.0
davit_gotsiridze7771,0.0,13.0,1.0,10.0
positionaloldman,3.0,22.0,0.0,10.0
JensLoquet,0.0,12.0,2.0,10.0
Neutro30,0.0,43.0,2.0,7.0
mezurla,1.0,7.0,0.0,10.0
Marce29,2.0,10.0,0.0,10.0
baw2020,0.0,6.0,0.0,5.0
AAAndromedAAA,0.0,10.0,2.0,16.0
E4SattCHESS,0.0,5.0,1.0,8.0
warrior5191,3.0,15.0,0.0,9.0
wsiie,1.0,24.0,0.0,11.0
Edmoundo,0.0,15.0,2.0,12.0
qwessa5,0.0,8.0,3.0,9.0
ArtiMason,5.0,11.0,0.0,21.0
,0.0,0.0,0.0,0.0
nightwinga5757,0.0,5.0,1.0,4.0
,0.0,0.0,0.0,0.0
onthewaygm,1.0,13.0,0.0,14.0
KonstantinKalish,0.0,2.0,3.0,5.0
olivier29200,0.0,0.0,0.0,0.0
,0.0,0.0,0.0,0.0
AResad,0.0,13.0,3.0,12.0
Rokki,5.0,15.0,0.0,13.0
OzCC,0.0,3.0,1.0,5.0
Piedragorda,0.0,11.0,1.0,11.0
Hans-Herbert,0.0,19.0,4.0,13.0
KorbiN,1.0,20.0,0.0,8.0
Savag3d,0.0,12.0,3.0,13.0
TCromwell,1.0,15.0,0.0,6.0
DhArAnEsH_2,1.0,6.0,0.0,9.0
le_Auguste,0.0,2.0,0.0,7.0
Nenidon_Andriy,0.0,25.0,1.0,10.0
Lwazi_2004,,,,
locutoretauctor,0.0,10.0,3.0,15.0
fabadaba,0.0,10.0,2.0,14.0
KlugHorN,1.0,14.0,0.0,15.0
Forfun14,0.0,9.0,1.0,8.0
altanates,0.0,14.0,2.0,14.0
,0.0,0.0,0.0,0.0
xX_rE_Xx,0.0,7.0,1.0,5.0
AbcD7-34-6,2.0,10.0,0.0,10.0
Baba3287,1.0,12.0,0.0,11.0
al-si,5.0,29.0,0.0,10.0
mohammadadha,0.0,11.0,1.0,5.0
MAYAnk1234567,0.0,4.0,1.0,9.0
AlojzZ,0.0,13.0,1.0,16.0
NastiaBukastia,2.0,15.0,0.0,15.0
Rintu5123,0.0,2.0,1.0,4.0
Jedlja,1.0,8.0,0.0,4.0
As362883ishsuwjgsiqj,0.0,8.0,1.0,15.0
kazjem,0.0,0.0,1.0,1.0
Chading18,5.0,11.0,0.0,13.0
Suma28,1.0,11.0,0.0,10.0
ashi100,2.0,2.0,0.0,3.0
Gashirov,0.0,0.0,3.0,3.0
Enkhtuyash,2.0,11.0,0.0,11.0
angelikat2000,4.0,12.0,0.0,13.0
dantealopez,0.0,15.0,2.0,13.0
arttt16,0.0,9.0,1.0,9.0
,0.0,0.0,0.0,0.0
wagslep,0.0,17.0,2.0,7.0
WingMate,1.0,10.0,0.0,11.0
SugaChessKing,1.0,11.0,0.0,10.0
iogr,0.0,13.0,1.0,9.0
santanasevla,0.0,9.0,2.0,8.0
ArchimedesSI,1.0,6.0,0.0,6.0
oiler91,2.0,12.0,0.0,8.0
batlipella,0.0,8.0,1.0,8.0
Ljusetsbonde,0.0,9.0,2.0,14.0
parvardegar,0.0,16.0,3.0,13.0
Niketook,1.0,13.0,0.0,10.0
MazwakheDD,3.0,8.0,0.0,9.0
jakartafinestplayaz,0.0,10.0,2.0,14.0
juaninf,0.0,16.0,1.0,11.0
elifsuunaldi,0.0,0.0,0.0,2.0
stracca,3.0,10.0,0.0,11.0
Robo46,0.0,11.0,3.0,8.0
ypunch67,3.0,14.0,0.0,15.0
AndyBFO,0.0,7.0,2.0,8.0
GSV-13,0.0,9.0,7.0,12.0
Abdul7y,0.0,1.0,1.0,3.0
pemocli,0.0,10.0,1.0,11.0
Manya2708,0.0,20.0,1.0,10.0
Eliolhenry,1.0,8.0,0.0,9.0
gimon10,1.0,10.0,0.0,11.0
fidelmaxi1,2.0,12.0,0.0,11.0
MusieRosario,1.0,5.0,0.0,6.0
LupitaRL,0.0,10.0,3.0,21.0
Aaahhh67,0.0,10.0,2.0,14.0
brakinggnus,2.0,12.0,0.0,16.0
milailda,0.0,4.0,1.0,4.0
Oleksiy_Romanovych,0.0,2.0,3.0,3.0
Nikolay9999,0.0,9.0,1.0,10.0
Luth29,0.0,9.0,1.0,11.0
fell_in_love,0.0,9.0,5.0,12.0
lustigerBauer,0.0,10.0,2.0,6.0
,0.0,0.0,0.0,0.0
Mikachu82,3.0,10.0,0.0,8.0
lindenice,0.0,15.0,1.0,11.0
Akzhan-87,2.0,7.0,0.0,18.0
merluret32,1.0,13.0,0.0,15.0
AnandMahajan,5.0,10.0,0.0,9.0
,0.0,0.0,0.0,0.0
RedNosede,4.0,9.0,0.0,9.0
Tomster123,1.0,14.0,0.0,9.0
,0.0,0.0,0.0,0.0
irokez33,2.0,13.0,0.0,14.0
NomadRook,1.0,10.0,0.0,9.0
LeonidStein24,5.0,14.0,0.0,7.0
REKATREDNU,0.0,3.0,2.0,7.0
RustLee,0.0,15.0,0.0,14.0
Chessplayerspb,0.0,5.0,2.0,4.0
cooldzr,1.0,7.0,0.0,5.0
GodsonChad,0.0,5.0,7.0,13.0
arve83,0.0,8.0,1.0,8.0
darkda3mon,2.0,16.0,0.0,13.0
masearatti999,1.0,7.0,0.0,7.0
Jedidiah932,1.0,25.0,0.0,13.0
WYZmo,2.0,21.0,0.0,6.0
night471,1.0,7.0,0.0,12.0
galillio,2.0,8.0,0.0,10.0
Ercangiresun,3.0,10.0,0.0,11.0
Mansour_G1988,0.0,14.0,3.0,14.0
Glardhamion,1.0,9.0,0.0,9.0
Alexandr_212,4.0,8.0,0.0,12.0
ladyrose1,2.0,24.0,0.0,9.0
monsienne,7.0,23.0,0.0,15.0
Sarhane87,3.0,11.0,0.0,12.0
AlexanderSkripnik,0.0,2.0,1.0,3.0
ZangarbeK_1,0.0,9.0,1.0,1.0
jcuevaglosalamosedup,1.0,1.0,0.0,6.0
Chessminatorator69,3.0,9.0,0.0,10.0
Kik208,0.0,11.0,1.0,15.0
NubikfromEkat,0.0,10.0,1.0,10.0
Tuxus,1.0,17.0,0.0,8.0
titanshahmat2003,1.0,21.0,0.0,14.0
antro10,0.0,10.0,1.0,11.0
sergned,0.0,12.0,2.0,12.0
Jemiiiiiii,0.0,12.0,1.0,7.0
Pluto450,0.0,11.0,4.0,14.0
hadriantico,0.0,4.0,1.0,4.0
THE_KILLER1,0.0,10.0,1.0,9.0
siga1,3.0,14.0,0.0,74.0
Diviacus,0.0,12.0,1.0,10.0
Dostojewskij,1.0,10.0,0.0,9.0
ThorButtucks,3.0,10.0,0.0,10.0
flo50,1.0,20.0,0.0,17.0
Porgy,0.0,15.0,3.0,15.0
Ahmed_king3,2.0,17.0,0.0,13.0
Ahomuz,2.0,3.0,0.0,11.0
JLS85,0.0,10.0,0.0,14.0
Incorrigiblefires,1.0,12.0,0.0,11.0
kimyaci-61,0.0,14.0,3.0,8.0
pato_2019,0.0,11.0,4.0,9.0
grregorio,3.0,7.0,0.0,6.0
Dato11,2.0,11.0,0.0,11.0
Connemara14,2.0,15.0,0.0,14.0
benyoussefchedli,0.0,11.0,1.0,11.0
dallap,1.0,10.0,0.0,24.0
petitziya,2.0,9.0,0.0,7.0
HisamiTouji,1.0,3.0,0.0,8.0
a939203,1.0,11.0,0.0,7.0
Maxpch2188,2.0,13.0,0.0,11.0
Zenathan-A,0.0,4.0,1.0,7.0
tisvak,0.0,8.0,2.0,8.0
Kanskje_meg,0.0,10.0,3.0,19.0
hammer_of_destiny,2.0,10.0,0.0,11.0
Prickly,0.0,4.0,2.0,18.0
HuyHo132,0.0,5.0,1.0,3.0
zyxon,0.0,21.0,1.0,6.0
miladmosleh74,1.0,12.0,0.0,9.0
Kirill25022012,1.0,19.0,0.0,13.0
Vostanin,2.0,19.0,0.0,7.0
Chepakh,5.0,8.0,0.0,11.0
Superkike70,1.0,16.0,0.0,22.0
vkonadkov,3.0,11.0,0.0,17.0
mohamedgameeeel,1.0,6.0,0.0,4.0
ChiCago24,0.0,12.0,1.0,11.0
Cuervofv,1.0,11.0,0.0,12.0
metan0ia,3.0,12.0,0.0,8.0
Miguelcifuente,0.0,19.0,0.0,8.0
Rayngulo,0.0,10.0,3.0,12.0
Abbasghorbani0939,1.0,12.0,0.0,7.0
GendyKL,8.0,18.0,0.0,7.0
derson,0.0,12.0,2.0,12.0
Chesstastrophe,1.0,4.0,0.0,6.0
moodinlove,0.0,8.0,2.0,7.0
La8Bestia,0.0,13.0,2.0,19.0
marioSepulvedaA,0.0,13.0,2.0,12.0
outoftheblu,0.0,18.0,5.0,10.0
SENCER23,0.0,8.0,2.0,10.0
derwerter,0.0,13.0,2.0,8.0
francescotal,0.0,10.0,1.0,13.0
Gandalf_Le_Blanc,1.0,8.0,0.0,11.0
Jorgeking2,0.0,7.0,1.0,11.0
reilug,1.0,9.0,0.0,12.0
RainLago,1.0,7.0,0.0,13.0
NateGraham,0.0,13.0,3.0,9.0
Tomorob,1.0,9.0,0.0,11.0
Kelevra90,0.0,12.0,1.0,13.0
iwillwinandyoulose,1.0,8.0,0.0,7.0
Suryso,1.0,13.0,0.0,12.0
thatislife,0.0,16.0,4.0,10.0
mia_v,2.0,11.0,0.0,9.0
LocoPineapple,0.0,4.0,2.0,6.0
GeorgeMas,1.0,7.0,0.0,18.0
Turbofish15,2.0,13.0,0.0,9.0
Kondorchess,0.0,14.0,5.0,18.0
mmish,1.0,9.0,0.0,9.0
iffan600,0.0,9.0,1.0,9.0
CNASH15,0.0,0.0,0.0,0.0
Trinitytrey,4.0,11.0,0.0,14.0
TorreRey,3.0,13.0,0.0,21.0
DarkDavid008,2.0,2.0,0.0,3.0
Supimaster,1.0,8.0,0.0,15.0
trashr0x,1.0,12.0,0.0,8.0
krlos66,1.0,11.0,0.0,11.0
ssgro,0.0,8.0,2.0,10.0
ni30shreya,3.0,3.0,0.0,5.0
nebulo89,0.0,13.0,1.0,9.0
Edmoundo,0.0,15.0,2.0,12.0
rastel1973,0.0,12.0,5.0,13.0
chessmachine02,0.0,10.0,0.0,16.0
beaubonbean,1.0,11.0,0.0,6.0
deniaferz,0.0,9.0,3.0,8.0
ks77777,0.0,7.0,3.0,11.0
Mr_Chicagoo,0.0,13.0,1.0,17.0
Khusni_Mt19,1.0,7.0,0.0,8.0
serchvc17,1.0,11.0,0.0,12.0
munkhuubold,2.0,17.0,0.0,11.0
DoctorNo34,3.0,13.0,0.0,7.0
troodos,1.0,16.0,0.0,35.0
Pompeychav657,3.0,10.0,0.0,12.0
,0.0,0.0,0.0,0.0
fabian_lavayen,0.0,12.0,0.0,9.0
kannan01,0.0,1.0,1.0,3.0
joint_pain,2.0,44.0,0.0,11.0
minminv,0.0,14.0,1.0,11.0
albini2,3.0,32.0,0.0,28.0
Rialvare,1.0,12.0,0.0,10.0
T1m_15,2.0,11.0,0.0,10.0
Storm782,0.0,4.0,3.0,9.0
AltanMar,0.0,0.0,1.0,2.0
Gontran000,0.0,4.0,1.0,6.0
Leks31,0.0,8.0,3.0,7.0
Achim040368,0.0,7.0,1.0,17.0
marvz07,0.0,22.0,1.0,8.0
,0.0,0.0,0.0,0.0
TRafil291,0.0,9.0,0.0,7.0
Schlafzugfuehrer,3.0,8.0,0.0,7.0
ThePatrick27,1.0,11.0,0.0,15.0
Defendiendome,2.0,15.0,0.0,12.0
sukuu,0.0,17.0,0.0,9.0
ilamughil1,1.0,9.0,0.0,15.0
Sego1966,0.0,12.0,2.0,12.0
MarkRiley,1.0,3.0,0.0,3.0
SachaBoey30M,0.0,15.0,1.0,5.0
vikiblack,0.0,14.0,3.0,10.0
soscl0,1.0,11.0,0.0,11.0
chasingthewind,2.0,10.0,0.0,8.0
issamber,0.0,12.0,5.0,17.0
AhmedMohammed2222,0.0,6.0,6.0,9.0
Isaivlz21,2.0,13.0,0.0,10.0
Khaled0101_1,2.0,10.0,0.0,7.0
JohnnyGatto,3.0,7.0,0.0,12.0
ItIsAsItIs,1.0,12.0,0.0,5.0
Arnab2317004,1.0,8.0,0.0,5.0
Zubrrr,14.0,84.0,0.0,5.0
Nutepunecuzohan71,6.0,10.0,0.0,7.0
FallingFlying,0.0,10.0,1.0,11.0
lalm123,0.0,8.0,1.0,7.0
dobricovek,0.0,5.0,1.0,8.0
Widiru,0.0,14.0,2.0,15.0
yanleng29,1.0,10.0,0.0,13.0
ferenc63,0.0,10.0,2.0,11.0
Judamaster,0.0,12.0,1.0,14.0
Soledadense,4.0,12.0,0.0,17.0
bokibole,1.0,12.0,0.0,11.0
kazak_52,0.0,3.0,11.0,15.0
Raysheung20161230,5.0,6.0,0.0,5.0
PetroChess,2.0,12.0,0.0,13.0
PabloMinda,0.0,13.0,4.0,17.0
AmanUpadhyay55,0.0,3.0,1.0,7.0
afifior,1.0,12.0,0.0,8.0
Mini_9276,0.0,9.0,3.0,18.0
verdepicchio,2.0,7.0,0.0,10.0
szus,1.0,21.0,0.0,11.0
The_Nuclear_Weapon,1.0,10.0,0.0,6.0
kristof2810,0.0,11.0,5.0,12.0
L_Jezuz,1.0,8.0,0.0,10.0
gladkovi84,1.0,31.0,0.0,8.0
DorisF,0.0,14.0,1.0,9.0
kemalrecep16,0.0,2.0,3.0,4.0
alex_qwazi,2.0,11.0,0.0,11.0
mobinchess098,3.0,12.0,0.0,15.0
f4nt1k104,0.0,7.0,1.0,11.0
LinconLuz,0.0,7.0,3.0,9.0
B-e-six,4.0,10.0,0.0,8.0
Hector_Moreno,2.0,18.0,0.0,11.0
BeBee1,5.0,7.0,0.0,10.0
DriveMax,1.0,10.0,0.0,16.0
nuca1992,0.0,9.0,1.0,5.0
apueuo,0.0,12.0,3.0,13.0
Zakharov_s_d,1.0,10.0,0.0,13.0
hpgregory,3.0,5.0,0.0,5.0
claudio_chessmood,0.0,8.0,1.0,12.0
uuaauu,0.0,9.0,0.0,8.0
NitinSaini27,3.0,9.0,0.0,7.0
Cristoesvida,0.0,16.0,1.0,13.0
AkimGol,0.0,11.0,1.0,12.0
ukindtner,0.0,10.0,1.0,10.0
Hassan2083,2.0,16.0,0.0,11.0
notGmPolyak,1.0,11.0,0.0,10.0
Yerlan-Ra,0.0,13.0,4.0,8.0
KulikBera123,0.0,9.0,1.0,5.0
pufferfish,1.0,6.0,0.0,2.0
qsnuggle,4.0,8.0,0.0,6.0
dallap,1.0,10.0,0.0,24.0
alekhinehorsey,0.0,10.0,3.0,25.0
gladkovi84,1.0,31.0,0.0,8.0
Abdelghafour55,2.0,13.0,0.0,11.0
murk3000,0.0,7.0,3.0,4.0
Nightmarish_Pawn,3.0,12.0,0.0,12.0
kzroma,0.0,13.0,1.0,8.0
NeMath,1.0,10.0,0.0,10.0
Fedanza,1.0,12.0,0.0,11.0
prof28,1.0,18.0,0.0,11.0
TitleKiller,0.0,12.0,2.0,10.0
cashflow125,0.0,3.0,2.0,3.0
CYBERCATCHER,0.0,12.0,1.0,9.0
MFadlallaM999,0.0,8.0,1.0,9.0
TimeBurnersLee,0.0,10.0,3.0,10.0
imbungjwala,4.0,9.0,0.0,9.0
Brass67,0.0,10.0,2.0,8.0
oscarito1913,0.0,13.0,1.0,13.0
OyyyyNoyyyy,0.0,11.0,4.0,8.0
Bimaniv,1.0,21.0,0.0,9.0
FakesR2P,0.0,16.0,1.0,6.0
Avenger82,3.0,18.0,0.0,9.0
jacobskretta,1.0,8.0,0.0,12.0
Oreyes,1.0,12.0,0.0,9.0
wiflchess,1.0,10.0,0.0,8.0
pleaseresignnow,0.0,28.0,0.0,6.0
BubnilkaZ,0.0,9.0,3.0,10.0
bug6274,0.0,8.0,1.0,7.0
kaik_gomeszzz,0.0,2.0,1.0,1.0
mosco19,0.0,10.0,1.0,10.0
,0.0,0.0,0.0,0.0
papo1984,0.0,19.0,2.0,31.0
Zholaman-87,0.0,11.0,3.0,13.0
vkjha,1.0,7.0,0.0,10.0
DrAurelius,0.0,4.0,3.0,3.0
Kreopter,2.0,14.0,0.0,9.0
elbispoagentedoble,0.0,25.0,2.0,8.0
brazil01,1.0,14.0,0.0,13.0
RONIN6207,0.0,10.0,3.0,13.0
Propolis1984,0.0,6.0,2.0,8.0
Esteban_Legui,,,,
yarbik10,0.0,11.0,2.0,12.0
Toprak0987,0.0,9.0,0.0,9.0
ryogrande,0.0,11.0,2.0,11.0
Gastings84,0.0,7.0,1.0,7.0
okriak,1.0,16.0,0.0,8.0
mick_chapman,0.0,1.0,2.0,2.0
smaskaras,0.0,21.0,2.0,11.0
SingularityHorizon,0.0,18.0,1.0,8.0
Doccentio,0.0,8.0,0.0,14.0
AlexGP20,1.0,11.0,0.0,11.0
pac78,0.0,14.0,0.0,11.0
brijwhiz,1.0,12.0,0.0,13.0
varishpanjabi,0.0,3.0,3.0,11.0
sonolillo,1.0,5.0,0.0,6.0
straybullet,3.0,21.0,0.0,10.0
jmgstl,0.0,13.0,3.0,15.0
Jeyranyan_07,2.0,6.0,0.0,10.0
Abdukhamid_18,0.0,8.0,4.0,9.0
ModernDefence,3.0,12.0,0.0,9.0
nathan67,0.0,3.0,0.0,11.0
JohnSucks,0.0,0.0,1.0,1.0
fishgame,3.0,15.0,0.0,9.0
MoechtegernLatso,0.0,7.0,3.0,10.0
XaxaTyH11,0.0,13.0,3.0,9.0
Vadim_Valerievich,2.0,22.0,0.0,11.0
Soualhiasaadan19,0.0,10.0,0.0,19.0
adiprasetya,1.0,10.0,0.0,9.0
AiratAiratAirat,0.0,9.0,0.0,11.0
claude76600,1.0,9.0,0.0,24.0
vitrenks,1.0,9.0,0.0,14.0
Uppsala555,0.0,6.0,2.0,10.0
ChessPlayer1361,0.0,0.0,1.0,1.0
Gus2105,2.0,7.0,0.0,2.0
InopSF,0.0,7.0,3.0,7.0
Pinotdepinot,0.0,8.0,1.0,9.0
asuihduiasfduisadfhu,0.0,0.0,0.0,0.0
QuietQuitter,3.0,3.0,0.0,1.0
MatrimonyVine,3.0,9.0,0.0,8.0
RicardoRama58,1.0,13.0,0.0,11.0
PARCEMON2025,0.0,9.0,1.0,9.0
neosackq,0.0,7.0,4.0,4.0
XTony84,0.0,7.0,3.0,7.0
hordeyucel,0.0,7.0,1.0,11.0
,0.0,0.0,0.0,0.0
Retrospective911,0.0,10.0,2.0,13.0
Gennadiy_Sinenko,0.0,14.0,1.0,10.0
Selenus,3.0,24.0,0.0,9.0
GMshooter96,0.0,16.0,2.0,10.0
Ashrafelrayes_0,2.0,14.0,0.0,12.0
,0.0,0.0,0.0,0.0
BestRock,2.0,13.0,0.0,9.0
LucasdelosSantosPerd,,,,
yehya2828,0.0,13.0,2.0,10.0
EmirGamis,1.0,13.0,0.0,14.0
Michael90_32,0.0,11.0,1.0,10.0
Rinks,0.0,12.0,1.0,12.0
SlawekKurp,1.0,11.0,0.0,7.0
BULA03,0.0,10.0,2.0,5.0
solkim86,0.0,23.0,2.0,8.0
izabakana,0.0,12.0,4.0,15.0
mundu61,1.0,13.0,0.0,15.0
chessloversunav24,0.0,2.0,1.0,2.0
jepd,0.0,11.0,0.0,13.0
Tac10,1.0,14.0,0.0,12.0
Mohamed_Chess,0.0,13.0,2.0,10.0
TosattoSaurusRex,2.0,10.0,0.0,14.0
Juan_sosa,0.0,5.0,3.0,3.0
Hulk-10,0.0,11.0,3.0,8.0
Bobmoth,3.0,14.0,0.0,9.0
Nine609sixtY,0.0,8.0,8.0,8.0
Old1974,2.0,12.0,0.0,16.0
shishmi,0.0,0.0,0.0,0.0
BorChessIs,0.0,9.0,1.0,11.0
Wellington1_2,0.0,12.0,2.0,12.0
anant7373,2.0,11.0,0.0,10.0
pluvian,2.0,11.0,0.0,13.0
evilreturns,3.0,18.0,0.0,9.0
sky_p,0.0,8.0,5.0,13.0
gafoorMNR,5.0,8.0,0.0,10.0
tonycurra,0.0,11.0,1.0,11.0
Noconx,0.0,15.0,6.0,15.0
WongeeTongee,0.0,3.0,3.0,3.0
Kolinx01,0.0,15.0,2.0,13.0
Paramesh4478,0.0,12.0,1.0,11.0
Ben_KL,3.0,16.0,0.0,14.0
Neilgado1992,0.0,15.0,1.0,17.0
Tunartank,1.0,14.0,0.0,12.0
drake097,1.0,9.0,0.0,9.0
Fialed,1.0,11.0,0.0,10.0
Cedg2015,0.0,12.0,3.0,19.0
Artem_chess01,0.0,12.0,2.0,10.0
juan2611,1.0,6.0,0.0,13.0
RexGildo100,3.0,11.0,0.0,7.0
Hengki_2003,0.0,9.0,0.0,8.0
BasTienSeb,2.0,5.0,0.0,6.0
dxdiag2233,0.0,13.0,2.0,12.0
KingofEnglund,1.0,9.0,0.0,10.0
CheckNaka,0.0,4.0,2.0,9.0
kennymc01,1.0,4.0,0.0,6.0
Mikhail_Linker,0.0,10.0,2.0,7.0
Mrda,7.0,13.0,0.0,13.0
fs7yfiu3h6rtfuwgjha5,0.0,9.0,1.0,11.0
DrOrfeo,4.0,16.0,0.0,11.0
DAISYCHAN,4.0,5.0,0.0,10.0
sbarrot,0.0,12.0,2.0,10.0
Bondkuse,,,,
exeena1,0.0,7.0,4.0,14.0
Emrah694,2.0,6.0,0.0,4.0
lexnowling108,0.0,6.0,1.0,8.0
Vito_Teofilo,1.0,8.0,0.0,11.0
permitmail,0.0,21.0,16.0,16.0
macerem,4.0,11.0,0.0,10.0
firemonkey11,0.0,17.0,1.0,11.0
men_nos,0.0,3.0,2.0,7.0
sss6567,0.0,12.0,3.0,15.0
Mitin_Vadim2009,1.0,11.0,0.0,19.0
lamagia007,1.0,26.0,0.0,8.0
Slowmindit,0.0,14.0,4.0,16.0
Airdaniel1,2.0,11.0,0.0,10.0
Akash_Mandal2002,0.0,4.0,4.0,6.0
MrSOK,2.0,34.0,0.0,26.0
Rainielflores,0.0,1.0,1.0,3.0
Barys74,2.0,21.0,0.0,11.0
a_boring_username,8.0,12.0,0.0,8.0
VanDame251281,0.0,13.0,2.0,17.0
sdg1966,2.0,13.0,0.0,11.0
Cardsfan006,1.0,11.0,0.0,11.0
PeterToshiba,1.0,1.0,0.0,5.0
hugo41,0.0,14.0,2.0,13.0
AdnanNuruddin,0.0,20.0,1.0,11.0
Vnebo,7.0,88.0,0.0,11.0
Scabapo,0.0,7.0,3.0,6.0
JohnKramer369,0.0,4.0,1.0,3.0
Savit11,0.0,8.0,0.0,11.0
rasadnuwan,0.0,10.0,2.0,12.0
MrSOK,2.0,34.0,0.0,26.0
derdimcokanacan,1.0,23.0,0.0,11.0
,0.0,0.0,0.0,0.0
onepunchbomb32,0.0,0.0,0.0,0.0
Mustafa_Kavlak,3.0,10.0,0.0,5.0
maymay777,1.0,5.0,0.0,7.0
grumpyold,3.0,12.0,0.0,12.0
Gattamelata,1.0,12.0,0.0,10.0
NikitaTarasov,0.0,2.0,14.0,14.0
Posichef,2.0,11.0,0.0,9.0
Strengthensmental555,4.0,6.0,0.0,4.0
natali_nasti,0.0,13.0,1.0,12.0
madzibaba_immoTAL,0.0,13.0,1.0,11.0
dukejevwe,0.0,13.0,1.0,13.0
Vikgross1968,0.0,10.0,1.0,14.0
Astoniano,5.0,11.0,0.0,18.0
Baltazar1906,5.0,10.0,0.0,7.0
RNV65,0.0,8.0,2.0,8.0
payback31,0.0,10.0,1.0,12.0
dntknow10,0.0,6.0,4.0,9.0
K_S_V,3.0,10.0,0.0,9.0
AshWB,0.0,9.0,3.0,12.0
alexeygr,0.0,13.0,1.0,11.0
TomDill,0.0,9.0,1.0,10.0
tipor,0.0,11.0,4.0,12.0
Serdobsk-2023,0.0,0.0,2.0,2.0
mugila003,1.0,3.0,0.0,5.0
radenikoloski,3.0,13.0,0.0,11.0
BILLOU1,3.0,11.0,0.0,14.0
anquelito,2.0,6.0,0.0,7.0
Arielxsjla,2.0,2.0,0.0,3.0
KnightVision20,0.0,7.0,1.0,5.0
KnightAndMagic,2.0,9.0,0.0,5.0
maymay2862,0.0,4.0,1.0,5.0
trappade,0.0,11.0,3.0,8.0
Exito76,0.0,13.0,2.0,8.0
coemgen29,2.0,12.0,0.0,9.0
TerentievVladimir,0.0,0.0,6.0,6.0
agus_carrer,2.0,11.0,0.0,10.0
Wasted_Youth,0.0,11.0,2.0,15.0
Kartapoux,0.0,19.0,1.0,14.0
blackdiamond3,0.0,4.0,3.0,3.0
miamers,0.0,3.0,3.0,4.0
Oroigor,4.0,10.0,0.0,9.0
MarioVillanueva,4.0,21.0,0.0,11.0
Ho-tur_1,2.0,10.0,0.0,10.0
sanjan2012,0.0,7.0,1.0,3.0
vipaldua,0.0,15.0,1.0,14.0
michy3119,0.0,4.0,0.0,24.0
kotokrokodyl,5.0,24.0,0.0,20.0
Vaibhav26104,1.0,12.0,0.0,13.0
NiceIceEyes,0.0,11.0,2.0,6.0
Rabian,0.0,7.0,2.0,9.0
alexiscueva1997,1.0,8.0,0.0,11.0
Uzuul,0.0,12.0,2.0,15.0
Gian-203,1.0,1.0,0.0,4.0
blunderman1,0.0,10.0,1.0,11.0
SuperSpazio,1.0,12.0,0.0,15.0
nizmo20,6.0,12.0,0.0,63.0
aristarx22,1.0,11.0,0.0,14.0
M_hani,2.0,14.0,0.0,14.0
supertolchok,0.0,15.0,1.0,17.0
ArtMoch,0.0,4.0,2.0,7.0
Pera-64,1.0,16.0,0.0,19.0
soumrdb,0.0,9.0,5.0,10.0
Jeboy02,3.0,10.0,0.0,6.0
GMshooter96,0.0,16.0,2.0,10.0
besnikvaraki,1.0,7.0,0.0,7.0
pixelares,2.0,13.0,0.0,8.0
DauletShapanayev,0.0,12.0,1.0,10.0
LegendofTea,0.0,5.0,2.0,8.0
SurgePlayzYT,0.0,4.0,1.0,4.0
LarryMatejka,0.0,9.0,2.0,5.0
AAFouad,1.0,14.0,0.0,10.0
mijin1777,0.0,11.0,3.0,18.0
RostVV,1.0,12.0,0.0,13.0
ftalkan,0.0,10.0,1.0,9.0
Alvise1,0.0,11.0,5.0,12.0
MikuHatsune01,4.0,13.0,0.0,6.0
omair,0.0,12.0,7.0,12.0
manh123kg,1.0,8.0,0.0,5.0
alpergmstkn061426,0.0,9.0,6.0,13.0
,0.0,0.0,0.0,0.0
IgnaRomera,1.0,8.0,0.0,8.0
rahn_lebt,1.0,13.0,0.0,14.0
Segui22,2.0,12.0,0.0,17.0
JANGELR,0.0,11.0,1.0,11.0
Djpiksi,2.0,11.0,0.0,15.0
OgaNaMaster,0.0,13.0,2.0,13.0
zali16,0.0,4.0,4.0,29.0
hmgraham45,2.0,6.0,0.0,4.0
percyflorescruz46,,,,
Balckgaming,0.0,13.0,5.0,13.0
AkimSochi,0.0,1.0,2.0,2.0
BentengPmasyarakatan,0.0,18.0,1.0,10.0
Petrgoff,0.0,13.0,4.0,12.0
MiniBenHur,0.0,7.0,1.0,7.0
Lucida17,1.0,30.0,0.0,8.0
Hrasnica70,0.0,15.0,2.0,10.0
omeed_87,0.0,11.0,6.0,11.0
Kamo_Gurtovoy85,1.0,15.0,0.0,10.0
Adro81,0.0,15.0,1.0,10.0
rohitraj_iit,1.0,12.0,0.0,11.0
ashraf-ouda1,8.0,9.0,0.0,13.0
HSV4everandever,1.0,15.0,0.0,7.0
training_account2024,0.0,0.0,0.0,0.0
methylenio,2.0,9.0,0.0,12.0
Noobibii,1.0,9.0,0.0,5.0
kocoIIy3bIj,2.0,9.0,0.0,9.0
Pescaderocalvo,1.0,12.0,0.0,11.0
jyrxx,0.0,8.0,2.0,13.0
Rubens19,2.0,11.0,0.0,13.0
justinsloan,1.0,9.0,0.0,9.0
bryanmagnym,0.0,0.0,0.0,0.0
Turbofish15,2.0,13.0,0.0,9.0
cantux,0.0,10.0,2.0,8.0
BlueDreamers,2.0,8.0,0.0,15.0
DrEstranged,6.0,29.0,0.0,11.0
Ree1215,0.0,12.0,1.0,7.0
osbah,0.0,9.0,1.0,13.0
Nikita1580,1.0,9.0,0.0,7.0
BillGrig,0.0,14.0,2.0,9.0
branimir1955,0.0,12.0,1.0,9.0
kermitdfrog,0.0,13.0,2.0,16.0
knightLight10,0.0,9.0,2.0,9.0
Naoberke,0.0,24.0,1.0,7.0
vrobi,2.0,28.0,0.0,8.0
JoaoPauloFaxinal,1.0,5.0,0.0,9.0
A7bois,5.0,8.0,0.0,11.0
Neandertaler303,1.0,15.0,0.0,11.0
CrAlexIZ,7.0,16.0,0.0,11.0
Prowestperson,0.0,0.0,3.0,3.0
vaibhavgadre,4.0,12.0,0.0,12.0
MRCHESS1983,1.0,17.0,0.0,11.0
q123451,0.0,13.0,4.0,8.0
drpns,0.0,6.0,1.0,8.0
Evgenij-031,0.0,13.0,1.0,11.0
akokek,1.0,8.0,0.0,7.0
,0.0,0.0,0.0,0.0
Summer-Drummer,1.0,15.0,0.0,12.0
Maigouda,0.0,22.0,0.0,12.0
KaiPeng,0.0,5.0,0.0,2.0
Mirek_O,0.0,15.0,4.0,11.0
phuongtra_280415,0.0,3.0,1.0,6.0
lufsig,0.0,9.0,1.0,9.0
Plvdv_bg,0.0,11.0,1.0,12.0
JSMatharoo,0.0,7.0,1.0,6.0
Baltazar33,6.0,12.0,0.0,6.0
JoshuaAugustine,1.0,12.0,0.0,11.0
chgen86phone,0.0,16.0,2.0,17.0
Dr_Nezard,2.0,14.0,0.0,7.0
zeynabtabatabaiyan,0.0,6.0,1.0,9.0
Andrey_Klymchuk,2.0,26.0,0.0,10.0
Lev2507,0.0,4.0,6.0,9.0
erava,0.0,12.0,1.0,11.0
ni30shreya,3.0,3.0,0.0,5.0
Oztkr,0.0,9.0,1.0,33.0
Oleg-Che86_Chess,3.0,18.0,0.0,9.0
jobertosting,1.0,10.0,0.0,9.0
insuffi,1.0,17.0,0.0,8.0
sotva,0.0,33.0,0.0,10.0
Taya_BKD,0.0,16.0,2.0,12.0
Eugene1981,2.0,12.0,0.0,9.0
radebatinica,0.0,12.0,3.0,15.0
Sanchezajedrez14,0.0,12.0,1.0,27.0
jmariobarajas,1.0,5.0,0.0,2.0
Gozoba,2.0,9.0,0.0,9.0
houthakker78,0.0,17.0,3.0,11.0
marky0,0.0,11.0,2.0,12.0
yusufali,0.0,11.0,3.0,12.0
ZeroThesis,0.0,8.0,3.0,7.0
markadiy,0.0,14.0,3.0,15.0
amzadams,3.0,22.0,0.0,15.0
Agrawal71,0.0,16.0,1.0,13.0
HA59,0.0,7.0,1.0,16.0
ha_p717,1.0,7.0,0.0,5.0
NoseAsusthek,2.0,10.0,0.0,11.0
JavierGutier,1.0,11.0,0.0,13.0
CAT23,1.0,13.0,0.0,11.0
Hvitrev,2.0,10.0,0.0,7.0
nfspor,0.0,8.0,1.0,9.0
,0.0,0.0,0.0,0.0
Averone,0.0,11.0,3.0,16.0
farnamtehran,0.0,14.0,1.0,11.0
LV2007199331101996,2.0,15.0,0.0,5.0
lol3getown,2.0,11.0,0.0,11.0
Gianliuk8529,0.0,8.0,2.0,8.0
Saidaev_88,1.0,15.0,0.0,10.0
MelonWick,0.0,6.0,2.0,3.0
ralf_dragon,5.0,13.0,0.0,13.0
Stevehola,1.0,13.0,0.0,15.0
anticevval,0.0,0.0,0.0,0.0
Dabar1,4.0,13.0,0.0,10.0
MrSOK,2.0,34.0,0.0,26.0
jankovicsmarci,1.0,10.0,0.0,12.0
hermit_peaks,3.0,8.0,0.0,7.0
Ettore355,0.0,9.0,1.0,12.0
toooorbi123,0.0,1.0,2.0,2.0
UsuallyGetFlagged,0.0,20.0,6.0,9.0
Spreek,2.0,22.0,0.0,10.0
Zati_T,0.0,13.0,1.0,12.0
Sir-villacorta_11,0.0,14.0,1.0,12.0
Kasparov1096,1.0,9.0,0.0,13.0
mehmetxxxx,1.0,9.0,0.0,14.0
M9ICNIK,1.0,14.0,0.0,10.0
blunderedatbirth,1.0,8.0,0.0,11.0
chesshero228,2.0,6.0,0.0,6.0
zhrrajab,0.0,8.0,1.0,13.0
Mai_Thanh_VN,0.0,12.0,2.0,9.0
DBeanHead1,0.0,9.0,1.0,11.0
guignatali,2.0,8.0,0.0,5.0
OldWeakJordo,0.0,17.0,1.0,7.0
Ram_Page,1.0,10.0,0.0,14.0
Weapon1221,0.0,9.0,2.0,18.0
Yiyi1984,0.0,18.0,1.0,10.0
elmasmalo,2.0,8.0,0.0,10.0
Dover_Doy,4.0,13.0,0.0,16.0
Asesinodelchess,0.0,15.0,2.0,13.0
Lauffener,0.0,12.0,1.0,12.0
Daniel333_44,2.0,5.0,0.0,10.0
King245,0.0,6.0,1.0,6.0
googlegoom,0.0,13.0,2.0,13.0
Morlis,1.0,19.0,0.0,12.0
ReWy66,0.0,5.0,2.0,6.0
vualangthang,4.0,21.0,0.0,18.0
darknessci,1.0,6.0,0.0,8.0
daikensana,2.0,10.0,0.0,11.0
barthillas,0.0,10.0,2.0,9.0
DFOspina,0.0,5.0,1.0,6.0
DOS_IZ_Zada,2.0,16.0,0.0,14.0
Jluiscontreras,0.0,10.0,1.0,10.0
Noproblem474,0.0,11.0,2.0,10.0
sibis3,0.0,14.0,1.0,5.0
lion2006-45,5.0,38.0,0.0,5.0
sebastianVRo,2.0,2.0,0.0,3.0
Tap0ut,0.0,11.0,1.0,7.0
AntoAlf11,1.0,8.0,0.0,27.0
jorgeellgar,0.0,14.0,1.0,12.0
MustardMustard,0.0,16.0,1.0,9.0
viriatodemadeira,0.0,0.0,0.0,0.0
CBenitez10,0.0,5.0,2.0,4.0
chicoroby,0.0,2.0,1.0,2.0
pran2,0.0,17.0,1.0,14.0
james12345123,0.0,9.0,5.0,9.0
Stroemung,0.0,10.0,1.0,8.0
Rengee,2.0,11.0,0.0,10.0
Sofarocker,1.0,13.0,0.0,12.0
edwardvillano,0.0,12.0,5.0,16.0
chandraborgohain,1.0,6.0,0.0,7.0
metaphorik,3.0,11.0,0.0,13.0
derlette,2.0,8.0,0.0,8.0
CrAlexIZ,7.0,16.0,0.0,11.0
Svetic,0.0,10.0,1.0,14.0
Volgasoldier,2.0,9.0,0.0,10.0
iqbalmaula21,0.0,10.0,3.0,13.0
Yvngcobi,0.0,10.0,5.0,7.0
Saidbir83,0.0,11.0,1.0,12.0
d7nasser,1.0,9.0,0.0,10.0
TAh-chf,0.0,15.0,1.0,4.0
Esref,0.0,14.0,1.0,112.0
SuperSepp,1.0,27.0,0.0,7.0
Javi1965,3.0,10.0,0.0,8.0
sijan02,4.0,4.0,0.0,5.0
toom79p,0.0,19.0,4.0,13.0
FrendeCZ,0.0,0.0,0.0,0.0
TheLostSoul7,0.0,5.0,1.0,6.0
impigli,1.0,17.0,0.0,9.0
NewParadox,5.0,8.0,0.0,8.0
jagojk,1.0,14.0,0.0,28.0
Xavi_CSI,0.0,5.0,2.0,17.0
Ciderlei04,0.0,10.0,1.0,16.0
V7Valentin7,0.0,9.0,1.0,13.0
VARTAN1951,4.0,14.0,0.0,16.0
WineBosco,2.0,15.0,0.0,10.0
abuobaidy,0.0,13.0,1.0,11.0
fatcatinyourhouse,1.0,9.0,0.0,8.0
taselili,2.0,6.0,0.0,6.0
Andersonmartinez,3.0,7.0,0.0,9.0
chrissigel,0.0,9.0,1.0,11.0
jesinor63,1.0,7.0,0.0,10.0
GameofLife23,0.0,12.0,1.0,11.0
JAGANNATHKS123,0.0,1.0,3.0,3.0
ChorcheT,0.0,8.0,2.0,8.0
Knownchampion,3.0,10.0,0.0,18.0
Sommer68,1.0,11.0,0.0,13.0
Obidov_Farrukh,2.0,11.0,0.0,11.0
Deep_risk,0.0,12.0,1.0,12.0
no-war33,1.0,9.0,0.0,11.0
Snake8318,0.0,12.0,1.0,24.0
Rooky97,2.0,7.0,0.0,10.0
mohsen_Shenawy,1.0,19.0,0.0,3.0
Emiliano12337,1.0,13.0,0.0,9.0
alejandrofdez,0.0,9.0,1.0,11.0
Posichef,2.0,11.0,0.0,9.0
blko-kr,3.0,3.0,0.0,2.0
vlad10898,6.0,22.0,0.0,6.0
Saladen,0.0,11.0,1.0,11.0
RWSmith0925,4.0,11.0,0.0,12.0
Kilanov_Alex,0.0,8.0,0.0,6.0
Mermaid_Blacksea,0.0,9.0,1.0,10.0
omaraljohni,0.0,11.0,3.0,13.0
brunoh1n1,0.0,5.0,1.0,5.0
D4v1D0707,0.0,9.0,1.0,9.0
ValidAlekhine,0.0,65.0,1.0,6.0
NthusiastChess,0.0,12.0,3.0,12.0
DUST_08,5.0,14.0,0.0,10.0
megaledon01,2.0,12.0,0.0,10.0
haraldores,0.0,9.0,1.0,17.0
Barbashinigor,0.0,20.0,4.0,14.0
ankang,0.0,10.0,1.0,13.0
Miklea,1.0,13.0,0.0,13.0
hannehanen,0.0,11.0,1.0,8.0
M_Hasanov,0.0,11.0,2.0,11.0
nitsugA7,0.0,12.0,2.0,11.0
dewa333,0.0,4.0,1.0,8.0
teippi,1.0,11.0,0.0,12.0
Jessejamesramsey,0.0,6.0,3.0,8.0
barhao_14,0.0,10.0,3.0,8.0
fellef,3.0,12.0,0.0,11.0
k_y_rafi,0.0,6.0,2.0,18.0
abonuor123987,0.0,10.0,0.0,13.0
IVchess,1.0,13.0,0.0,20.0
Hescar,2.0,19.0,0.0,7.0
Fast_Sniper23,0.0,11.0,2.0,4.0
Nester_Cazares,0.0,15.0,1.0,15.0
Nelsonbrito,0.0,7.0,1.0,17.0
gorobets,0.0,12.0,1.0,21.0
wfhenning,2.0,11.0,0.0,9.0
Taashvi1112,0.0,0.0,0.0,0.0
mickymc1959,5.0,13.0,0.0,9.0
VH2004,0.0,11.0,2.0,4.0
Brainstormmm,3.0,12.0,0.0,7.0
Emiliomax,0.0,11.0,2.0,7.0
akoclar,1.0,13.0,0.0,13.0
Fou-these,2.0,15.0,0.0,11.0
forshmakoff,1.0,18.0,0.0,8.0
secretaccounthabibi,0.0,13.0,1.0,11.0
supardilpg,4.0,13.0,0.0,8.0
SpeedyGonzales7,0.0,12.0,2.0,8.0
aaravfalcon123,2.0,5.0,0.0,4.0
ozgurelm34,0.0,7.0,1.0,9.0
Abatronic,1.0,21.0,0.0,9.0
Dasi12,0.0,15.0,1.0,12.0
ahmedlankash,2.0,14.0,0.0,11.0
animeskan,2.0,17.0,0.0,10.0
jdcon17,1.0,8.0,0.0,3.0
Chess_Girl_123,2.0,16.0,0.0,13.0
Jonathan_3komma14,1.0,6.0,0.0,4.0
grundmaster_chifu,4.0,6.0,0.0,7.0
kris172,1.0,11.0,0.0,12.0
Mihail_Gavrilenko10,0.0,7.0,3.0,13.0
Dredziarz,0.0,9.0,1.0,9.0
GPO75,0.0,11.0,1.0,11.0
rohitbaghel,0.0,0.0,3.0,3.0
Alepuller,0.0,16.0,2.0,17.0
crprado,0.0,10.0,1.0,10.0
BadApp_le,0.0,24.0,1.0,13.0
SATMOV,0.0,10.0,3.0,16.0
thebeginner001,0.0,11.0,2.0,11.0
Unmillondejaques,4.0,24.0,0.0,8.0
TMoito,0.0,8.0,2.0,12.0
KibiDabi,0.0,9.0,11.0,19.0
Cord0102,0.0,17.0,1.0,13.0
TheSilverHammer,0.0,12.0,2.0,9.0
StarOfFireCatStorm15,1.0,21.0,0.0,5.0
JordanG83,2.0,9.0,0.0,9.0
Vajumama,1.0,12.0,0.0,15.0
Dgironchess,0.0,13.0,1.0,8.0
Ardiawan90,0.0,10.0,1.0,11.0
cableguy7,0.0,12.0,2.0,16.0
zastava-101,0.0,6.0,4.0,12.0
hostelgame,1.0,8.0,0.0,7.0
aead0,1.0,11.0,0.0,9.0
Gasqua,0.0,12.0,1.0,16.0
ABCDEFUlalala,4.0,9.0,0.0,6.0
mpfigueiredo,1.0,10.0,0.0,9.0
Jazzyjef,13.0,97.0,0.0,7.0
writzz,0.0,9.0,1.0,8.0
roross42,1.0,3.0,0.0,5.0
Shady77slim2,1.0,6.0,0.0,29.0
spider_gir1,0.0,4.0,1.0,5.0
mj1396,0.0,14.0,2.0,13.0
dukewipen,0.0,9.0,1.0,9.0
Verpose,1.0,5.0,0.0,6.0
mr_6o6o,0.0,8.0,3.0,14.0
MAGIC82,0.0,12.0,1.0,11.0
boss_boss36,0.0,9.0,1.0,9.0
Jimmykayworth,3.0,10.0,0.0,12.0
Atlasben,0.0,10.0,1.0,12.0
Jorgecor9,1.0,10.0,0.0,12.0
dedyka,1.0,13.0,0.0,21.0
dnzbrcu,1.0,10.0,0.0,10.0
Kaspa_Ryan,3.0,10.0,0.0,9.0
High_Sky95,0.0,18.0,1.0,20.0
Prebranac,0.0,12.0,3.0,14.0
habilmente,0.0,9.0,1.0,15.0
Artyrsochi,1.0,5.0,0.0,8.0
Poirot_Hercule,0.0,18.0,6.0,10.0
mrSWoOBS,1.0,19.0,0.0,29.0
Christophermwiche,0.0,9.0,2.0,9.0
kaloczajunky,0.0,29.0,4.0,9.0
Serge271981,0.0,12.0,2.0,10.0
Taliskman47,1.0,8.0,0.0,8.0
chess_potato_blue,0.0,5.0,1.0,5.0
SeriousBoy24_7,3.0,9.0,0.0,11.0
Olegator712,1.0,18.0,0.0,19.0
Dorni,4.0,10.0,0.0,11.0
Riolobo5,3.0,26.0,0.0,23.0
jmnisbadatchess,0.0,6.0,3.0,5.0
Nebula_069,0.0,0.0,2.0,2.0
avomr,3.0,13.0,0.0,13.0
Trebor23,5.0,11.0,0.0,13.0
imperios_y_enroques,0.0,13.0,4.0,12.0
samwise252,0.0,16.0,0.0,8.0
vedmak-70,0.0,17.0,1.0,12.0
cosmostarlight,0.0,15.0,1.0,13.0
caveman12345,2.0,28.0,0.0,8.0
morph1ne,0.0,19.0,0.0,7.0
Tengen67,1.0,18.0,0.0,9.0
sejas1976,0.0,7.0,0.0,9.0
mertcandmrts,0.0,7.0,3.0,9.0
AO72,3.0,10.0,0.0,11.0
Mannytuttofare,0.0,4.0,2.0,9.0
Edwin-Garrido-2020,0.0,10.0,1.0,17.0
javiertrejo,0.0,13.0,1.0,14.0
Subhayan_1,1.0,21.0,0.0,8.0
darker7,7.0,13.0,0.0,9.0
YuvrajSingha,0.0,10.0,1.0,8.0
oscarjtb01,0.0,14.0,1.0,10.0
compozitor,2.0,17.0,0.0,15.0
Martin137,2.0,14.0,0.0,11.0
elisys,0.0,14.0,1.0,15.0
DRSUBOZAN,0.0,38.0,0.0,20.0
pradheepbalaji,0.0,9.0,2.0,7.0
megie9154,2.0,7.0,0.0,8.0
kaithcel30,0.0,11.0,1.0,14.0
IT4L1CO,2.0,18.0,0.0,17.0
Surdena,1.0,17.0,0.0,8.0
gjaeger,1.0,11.0,0.0,11.0
TeacherShaz,0.0,15.0,1.0,18.0
tereterio,0.0,12.0,1.0,10.0
AkalBaran,0.0,2.0,3.0,4.0
vinayrahar,0.0,19.0,3.0,12.0
YKTAL,1.0,8.0,0.0,6.0
rcanabat,1.0,14.0,0.0,14.0
OFUZKADO,1.0,8.0,0.0,16.0
Vans_1985,0.0,1.0,0.0,22.0
Abo-aody1,0.0,12.0,1.0,9.0
Elatar,0.0,8.0,2.0,16.0
samtakoj,0.0,16.0,1.0,11.0
German-Standard,0.0,4.0,2.0,7.0
PvPDenchik,0.0,13.0,2.0,10.0
Nicopenhagen,1.0,9.0,0.0,13.0
BrokyLoveKFC,2.0,12.0,0.0,7.0
kirill1845,1.0,8.0,0.0,5.0
Icarusx,3.0,9.0,0.0,21.0
xatzis_gr,3.0,6.0,0.0,8.0
MaxTsourov,0.0,20.0,2.0,20.0
llsergio,0.0,25.0,1.0,8.0
MNGERMANCHACING,0.0,15.0,0.0,15.0
Voilaaa,1.0,9.0,0.0,10.0
madmady213,0.0,0.0,0.0,0.0
Taigarzindahe7777,0.0,13.0,1.0,9.0
Anujan20,1.0,15.0,0.0,8.0
AndresCasado17,1.0,10.0,0.0,11.0
Fleischkrokette,0.0,13.0,1.0,9.0
metan0ia,3.0,12.0,0.0,8.0
Lem10,0.0,15.0,1.0,11.0
Ramazansamsun55,0.0,0.0,0.0,0.0
bsmail,1.0,24.0,0.0,12.0
anlap,3.0,14.0,0.0,14.0
io-tolisa,4.0,11.0,0.0,12.0
andyhot,3.0,5.0,0.0,2.0
memphis93,1.0,9.0,0.0,12.0
faceya,1.0,11.0,0.0,11.0
b03,0.0,10.0,2.0,9.0
amieyy,1.0,18.0,0.0,12.0
BartekMalek,1.0,9.0,0.0,9.0
GBolvan,1.0,12.0,0.0,10.0
sakauentu,2.0,8.0,0.0,9.0
claude76600,1.0,9.0,0.0,24.0
Dadsprodigy,0.0,12.0,3.0,12.0
NJA_B,0.0,17.0,0.0,7.0
Pawn-Gladiator,0.0,7.0,1.0,10.0
ankcanadian,0.0,10.0,2.0,9.0
mohammad796,0.0,11.0,1.0,14.0
gjmata,0.0,15.0,4.0,17.0
tushargun,0.0,6.0,6.0,8.0
itsCommieMark,0.0,4.0,1.0,13.0
Blandomi,0.0,18.0,1.0,9.0
hassanzarei67,0.0,11.0,2.0,13.0
cafestile,1.0,12.0,0.0,9.0
KmAmbdullahAlfeneAbd,0.0,13.0,4.0,8.0
saghiri,1.0,2.0,0.0,4.0
PeterBolwerk,3.0,30.0,0.0,8.0
alanmol,1.0,19.0,0.0,7.0
Ninime_125,0.0,0.0,0.0,0.0
pipiprout,0.0,9.0,1.0,7.0
abbos99,0.0,11.0,1.0,9.0
J-Stein,1.0,11.0,0.0,28.0
jbal2839,0.0,9.0,2.0,9.0
Mohamed19Khaled,0.0,8.0,1.0,8.0
Kody_Chris,0.0,10.0,1.0,15.0
KarpovFann,0.0,11.0,2.0,10.0
zarlaz,0.0,10.0,1.0,10.0
karakosh,3.0,17.0,0.0,13.0
smixik,0.0,1.0,1.0,9.0
VardanMamikonyan,2.0,7.0,0.0,17.0
OMR_maks,2.0,6.0,0.0,9.0
mark333,1.0,14.0,0.0,13.0
KoroshAlizadegan,0.0,12.0,4.0,10.0
Priyadharun,2.0,4.0,0.0,4.0
teryves,0.0,11.0,3.0,13.0
Elbece,1.0,23.0,0.0,11.0
AnselmoMesa,0.0,9.0,5.0,12.0
FilhodoLeao,1.0,7.0,0.0,9.0
biotina,0.0,6.0,9.0,11.0
PabloMinda,0.0,13.0,4.0,17.0
D4lt_kibitzer,2.0,8.0,0.0,7.0
Motown77,6.0,24.0,0.0,3.0
giopitt67,1.0,13.0,0.0,14.0
Syalendra,3.0,18.0,0.0,9.0
Renklaf,0.0,10.0,2.0,11.0
Vladimir_Phrolov,3.0,11.0,0.0,10.0
JuneS9804,0.0,12.0,1.0,12.0
T-15000,0.0,4.0,1.0,1.0
m3577583,0.0,4.0,2.0,9.0
IstagTune,0.0,10.0,2.0,10.0
Mitchy_dObor,0.0,3.0,3.0,3.0
GrigoriiK,6.0,8.0,0.0,11.0
TheCollidingBishops,0.0,11.0,1.0,11.0
Kheppman,0.0,12.0,5.0,5.0
N-u-r-i-k,3.0,4.0,0.0,3.0
hogbroccoli,0.0,17.0,2.0,10.0
AndresJMR,0.0,11.0,2.0,10.0
BvT_Luuke,2.0,9.0,0.0,10.0
Ruchir1988,1.0,12.0,0.0,11.0
SNOVNI,2.0,12.0,0.0,14.0
EvgnII,2.0,12.0,0.0,15.0
ustimika,1.0,13.0,0.0,13.0
Luchho,4.0,10.0,0.0,11.0
Anna_M25,2.0,12.0,0.0,14.0
Philippe57430,0.0,11.0,2.0,10.0
NeznaikaIzTveri,3.0,12.0,0.0,13.0
pukhman,0.0,13.0,1.0,15.0
yangdrunk,2.0,10.0,0.0,11.0
Gasqua,0.0,12.0,1.0,16.0
Alex_Zh,1.0,10.0,0.0,12.0
Svetlichok,0.0,13.0,3.0,13.0
Rodrigues_RG,,,,
figureedmon,1.0,14.0,0.0,9.0
PKOloo,1.0,10.0,0.0,11.0
Dera_Jambi,1.0,9.0,0.0,9.0
kingspirit557,0.0,12.0,5.0,13.0
ozeneronur,0.0,7.0,2.0,10.0
Dilonkryziu,0.0,4.0,0.0,2.0
xfeelix,1.0,14.0,0.0,15.0
R_Frank,0.0,4.0,1.0,7.0
LERDO356,0.0,8.0,1.0,7.0
Erbol_000,0.0,9.0,2.0,10.0
dagonfly,1.0,8.0,0.0,3.0
Albert_25,0.0,10.0,4.0,12.0
MonibAhmed,0.0,7.0,1.0,11.0
viktor_kivilev1955,4.0,10.0,0.0,9.0
Lamin-GM,0.0,9.0,0.0,16.0
ce31,0.0,10.0,1.0,11.0
Adegbol01,0.0,14.0,0.0,17.0
Xahor,0.0,12.0,1.0,16.0
partikelfilter,0.0,16.0,5.0,8.0
acar67,0.0,9.0,1.0,7.0
surif7261,0.0,13.0,2.0,14.0
christianaustin,1.0,12.0,0.0,8.0
Iyut84,0.0,12.0,1.0,11.0
DanielKalala,0.0,10.0,1.0,12.0
CJWEED,0.0,13.0,1.0,16.0
Emir_Bertug,0.0,3.0,2.0,21.0
xacez,2.0,8.0,0.0,10.0
ChessMaster-Samuel,2.0,11.0,0.0,10.0
litorg22,3.0,10.0,0.0,11.0
Nech70,4.0,13.0,0.0,185.0
thyphil-eol,0.0,11.0,2.0,9.0
oof_duh,1.0,15.0,0.0,8.0
jammy1988,1.0,13.0,0.0,12.0
mr_taheri7138,0.0,7.0,1.0,6.0
pabugbog_lang,0.0,6.0,2.0,8.0
mosco19,0.0,10.0,1.0,10.0
ahmadwael1,0.0,9.0,1.0,16.0
Ramdan1_arsy4d,0.0,8.0,1.0,11.0
jakapitatherat,1.0,10.0,0.0,11.0
muhachev_dmitry-84,0.0,4.0,1.0,1.0
danieldjz,1.0,14.0,0.0,12.0
saianandya5112014,0.0,3.0,10.0,11.0
Davood2731,1.0,9.0,0.0,8.0
octohima,0.0,9.0,3.0,9.0
leogabrielz,0.0,14.0,1.0,11.0
sakur11_SJC,0.0,4.0,3.0,9.0
gorras,0.0,21.0,2.0,11.0
ma05092002,0.0,9.0,3.0,11.0
hermawan60,1.0,13.0,0.0,8.0
Baronslot,1.0,15.0,0.0,14.0
igos1979,0.0,12.0,1.0,11.0
AMS8,1.0,11.0,0.0,9.0
otmar1,1.0,15.0,0.0,14.0
TheBonesaw,5.0,13.0,0.0,10.0
mh_1975,2.0,10.0,0.0,13.0
Jkf67,0.0,1.0,2.0,2.0
mount_massive,0.0,12.0,3.0,11.0
Nikolai_Nedospasov11,0.0,13.0,1.0,11.0
Baqy82,0.0,10.0,1.0,7.0
Bashers,0.0,15.0,1.0,9.0
UriyaBA,1.0,8.0,0.0,9.0
fadedgiant,1.0,11.0,0.0,16.0
Kud47umping,0.0,4.0,1.0,8.0
lupusian,0.0,12.0,2.0,12.0
Om92i,0.0,13.0,2.0,11.0
hauuu,1.0,11.0,0.0,12.0
jgbarza,0.0,14.0,1.0,14.0
LOLrit,0.0,9.0,2.0,9.0
chessfever1987,0.0,8.0,3.0,24.0
Abundance_AJ,1.0,12.0,0.0,12.0
emilian2602,0.0,9.0,0.0,21.0
Nitin2108,0.0,7.0,0.0,12.0
U424,1.0,12.0,0.0,11.0
MatvKus,1.0,7.0,0.0,5.0
MCC2025,0.0,7.0,2.0,11.0
Martskin,0.0,13.0,2.0,13.0
Sykell,1.0,10.0,0.0,11.0
uzuo6,0.0,9.0,1.0,8.0
davit-87,2.0,10.0,0.0,12.0
Cestmoi007,0.0,16.0,2.0,17.0
sadra1383,6.0,9.0,0.0,7.0
helloimjay,0.0,5.0,2.0,7.0
kaushikchandrasekhar,4.0,12.0,0.0,16.0
t2m,0.0,12.0,0.0,12.0
Rakuun,3.0,10.0,0.0,9.0
Blancachess,0.0,11.0,1.0,17.0
troncocomun,0.0,12.0,1.0,12.0
ecoporte31,1.0,9.0,0.0,6.0
jtbumbum,0.0,7.0,1.0,7.0
turner69,0.0,0.0,2.0,2.0
MrMano,1.0,11.0,0.0,13.0
Abdihakim777,0.0,8.0,1.0,6.0
kayanos,1.0,13.0,0.0,83.0
Javierorlandoblanco,0.0,11.0,0.0,16.0
bingser,1.0,10.0,0.0,22.0
Moorthattil,0.0,22.0,1.0,13.0
Matt_Macher,1.0,4.0,0.0,6.0
WilkBaltazar,3.0,12.0,0.0,11.0
GuinhoR,1.0,9.0,0.0,11.0
Zinnat121,0.0,12.0,0.0,18.0
Playcool,0.0,14.0,2.0,14.0
gbniha,1.0,13.0,0.0,16.0
xXEttoXx,3.0,11.0,0.0,8.0
taco3,0.0,8.0,1.0,2.0
ChessMessExpress,2.0,8.0,0.0,16.0
Flefel,1.0,17.0,0.0,10.0
romanoc64,6.0,11.0,0.0,10.0
ClubUTDFT-Mateo1907,1.0,9.0,0.0,10.0
hiccupsnow,0.0,10.0,1.0,9.0
Nelgraf,0.0,12.0,5.0,12.0
Lewicki_Dawid,0.0,8.0,2.0,5.0
Uguralpay,0.0,10.0,1.0,9.0
istok9999,0.0,6.0,1.0,7.0
Pavel197322,0.0,8.0,1.0,7.0
perevortish,3.0,14.0,0.0,11.0
vikoe,5.0,11.0,0.0,10.0
dizual,4.0,9.0,0.0,15.0
Abdallah666,0.0,18.0,1.0,15.0
MxSon61,0.0,10.0,1.0,11.0
yevgeniy11,0.0,5.0,0.0,3.0
johnfurneaux,0.0,10.0,3.0,10.0
Bi16683,3.0,12.0,0.0,15.0
OlyhSturmovik,0.0,6.0,1.0,6.0
Fresero,0.0,12.0,2.0,15.0
bantl23,1.0,15.0,0.0,14.0
TA7LOOP3,0.0,1.0,1.0,2.0
Kaffeekenan,0.0,16.0,1.0,16.0
Dony12345,0.0,0.0,0.0,0.0
flandeluxe,0.0,15.0,1.0,8.0
Drixam,1.0,15.0,0.0,16.0
eug70,0.0,12.0,1.0,12.0
,0.0,0.0,0.0,0.0
PavelP59,0.0,18.0,2.0,17.0
Firefly164,1.0,11.0,0.0,5.0
TS928,1.0,7.0,0.0,5.0
laureano_galindez,1.0,11.0,0.0,10.0
bucnadbuce,0.0,11.0,2.0,13.0
stormkrazo,0.0,10.0,1.0,8.0
bsaiganesh,0.0,7.0,4.0,9.0
Diwibo61,0.0,15.0,1.0,14.0
mendez02,0.0,6.0,2.0,8.0
damaplayer,2.0,10.0,0.0,13.0
Sellospipe,3.0,9.0,0.0,10.0
joseborges13,0.0,13.0,1.0,14.0
JnSebastian,0.0,8.0,2.0,7.0
lusira,1.0,6.0,0.0,7.0
Evgen_007_888,1.0,8.0,0.0,8.0
abacaxi360,0.0,12.0,4.0,13.0
jediknight1975,0.0,13.0,1.0,14.0
heziladel,1.0,11.0,0.0,16.0
kubusFatalista,1.0,12.0,0.0,13.0
primhavera,0.0,9.0,1.0,9.0
Seppuku-TSV,1.0,11.0,0.0,10.0
ghouMari,0.0,12.0,2.0,12.0
aklaus1287,1.0,10.0,0.0,11.0
viktorgreick,1.0,11.0,0.0,9.0
Claudio_Olmos,5.0,15.0,0.0,11.0
kazakh21,0.0,14.0,1.0,9.0
LearnFromRussian,1.0,9.0,0.0,11.0
Armatura058,0.0,0.0,1.0,1.0
huguillo81,0.0,9.0,3.0,9.0
sanjaypatil,0.0,11.0,1.0,12.0
manvydu,0.0,15.0,0.0,10.0
paaprika,0.0,10.0,1.0,12.0
Marcelopb68,2.0,12.0,0.0,10.0
vovve,1.0,20.0,0.0,8.0
VasilyBronskiy,2.0,10.0,0.0,12.0
Varilux,2.0,13.0,0.0,10.0
omAliaje,0.0,7.0,1.0,18.0
Hossein_a-1402,0.0,6.0,0.0,6.0
gagauzoguz,0.0,13.0,1.0,17.0
beerpaulo,0.0,12.0,1.0,12.0
via-003,0.0,0.0,0.0,0.0
Grinchypants,1.0,6.0,0.0,5.0
WildBeast_2003,0.0,6.0,0.0,9.0
LeonidMonstr,1.0,10.0,0.0,9.0
JO53,0.0,11.0,3.0,10.0
Fedan2024,0.0,0.0,0.0,0.0
T3GO,0.0,15.0,1.0,12.0
Kukuruzawiu,1.0,11.0,0.0,4.0
Anna_M25,2.0,12.0,0.0,14.0
rpaddle,1.0,13.0,0.0,12.0
sebastian53,2.0,13.0,0.0,13.0
ryanls,3.0,6.0,0.0,6.0
gz65,2.0,9.0,0.0,9.0
tobbeandersson,1.0,12.0,0.0,11.0
Nizar81,2.0,11.0,0.0,11.0
suhartaDe1,0.0,11.0,9.0,11.0
Siba_inu,2.0,7.0,0.0,21.0
lexspec,2.0,2.0,0.0,3.0
Hemedra28,2.0,7.0,0.0,12.0
Schtunk,0.0,10.0,3.0,10.0
rocky_bhai,0.0,12.0,2.0,10.0
jaiverx01,0.0,8.0,1.0,8.0
zekiavci,3.0,13.0,0.0,12.0
soni1973,3.0,12.0,0.0,21.0
MMAARR,0.0,16.0,1.0,14.0
BingoBongo654,0.0,0.0,0.0,0.0
JMIG12,0.0,11.0,3.0,9.0
rtonge,1.0,12.0,0.0,14.0
PMw91,1.0,8.0,0.0,9.0
MikhailNina,0.0,13.0,3.0,16.0
prashant190,6.0,13.0,0.0,12.0
reactor,6.0,14.0,0.0,12.0
Zahid4you,0.0,1.0,4.0,4.0
Anderlaine,1.0,10.0,0.0,11.0
LetsFairPlay,0.0,15.0,2.0,10.0
isibolo,2.0,9.0,0.0,11.0
Leonidxarz,0.0,10.0,1.0,13.0
noureev,0.0,7.0,1.0,12.0
Almador,2.0,4.0,0.0,9.0
ammasrsly,0.0,10.0,1.0,11.0
meihanking,0.0,12.0,2.0,16.0
Crash_Attacker93,0.0,17.0,1.0,10.0
Tathanluna0803,0.0,8.0,1.0,9.0
CATURWULAN4,0.0,17.0,2.0,11.0
Anar1790,0.0,11.0,2.0,9.0
andrecambota,0.0,14.0,1.0,12.0
gambitflopper,0.0,12.0,1.0,19.0
angelm-ajedrez,0.0,4.0,1.0,9.0
Astocles,5.0,9.0,0.0,10.0
Anton_MR,0.0,8.0,1.0,7.0
atomicwarcrimes,4.0,7.0,0.0,9.0
Vector_jaat,0.0,9.0,0.0,8.0
SubterrAlien,0.0,13.0,1.0,10.0
nvlachos,2.0,12.0,0.0,12.0
lucyy_fantasma,2.0,9.0,0.0,12.0
blunder_gal,1.0,11.0,0.0,13.0
KBIndian14,0.0,8.0,5.0,13.0
ramon_1974,0.0,14.0,5.0,19.0
jayqueJS,0.0,13.0,1.0,13.0
maxi1829,0.0,10.0,1.0,10.0
leonciom,1.0,11.0,0.0,10.0
bassy1985,3.0,14.0,0.0,13.0
chees1234,0.0,12.0,1.0,18.0
Andronov1312,1.0,9.0,0.0,12.0
saadschio,0.0,4.0,2.0,4.0
sisyphoss7,0.0,10.0,1.0,11.0
beiragy,0.0,10.0,4.0,18.0
TheBrose,3.0,11.0,0.0,10.0
mx5nb,2.0,11.0,0.0,13.0
Haksar,1.0,16.0,0.0,14.0
Schnickischnacki,1.0,45.0,0.0,5.0
astisss,1.0,14.0,0.0,14.0
ahmed_mahdi011,0.0,12.0,3.0,9.0
Lutosv16,1.0,11.0,0.0,11.0
TkeshoM1988,0.0,7.0,1.0,7.0
wesam73,2.0,9.0,0.0,9.0
Amogus201415,0.0,1.0,4.0,4.0
Hunter-ak407,4.0,14.0,0.0,8.0
Aqzwsx321,0.0,5.0,1.0,4.0
p01nty,1.0,7.0,0.0,9.0
moslem70,0.0,12.0,1.0,12.0
imlingangtet,4.0,11.0,0.0,12.0
TS928,1.0,7.0,0.0,5.0
SergeyMin,2.0,11.0,0.0,8.0
peterlaj,3.0,15.0,0.0,15.0
defendukio,0.0,10.0,2.0,7.0
groundsquirrel,0.0,8.0,3.0,8.0
rey_leocario05,1.0,10.0,0.0,10.0
Kichiduoduma,0.0,10.0,5.0,15.0
queengaga212,0.0,14.0,6.0,7.0
poesy,1.0,7.0,0.0,10.0
ilcheetah,1.0,10.0,0.0,9.0
L8Sekano,0.0,13.0,3.0,8.0
Almalwany,1.0,15.0,0.0,13.0
vfbfan,0.0,14.0,3.0,10.0
rampinush,0.0,9.0,2.0,12.0
Minocentauro,2.0,11.0,0.0,16.0
PstDK,0.0,7.0,3.0,11.0
Cristoesvida,0.0,16.0,1.0,13.0
mielenliikuttelija,1.0,9.0,0.0,14.0
MimsTheChemist,2.0,7.0,0.0,11.0
AllegroVolpe,1.0,12.0,0.0,10.0
castling_freak,1.0,15.0,0.0,11.0
yastrebov88,0.0,7.0,1.0,10.0
Chertokot,2.0,10.0,0.0,12.0
kurohige98,0.0,12.0,2.0,12.0
Rgr3wal,0.0,14.0,3.0,12.0
k_mat,0.0,6.0,1.0,2.0
dav43556786565,1.0,10.0,0.0,7.0
MatejM89,1.0,16.0,0.0,11.0
Foong1818,1.0,12.0,0.0,10.0
MrDocStrange,0.0,13.0,2.0,15.0
PracticingBlitz,0.0,6.0,1.0,9.0
robertmm,2.0,11.0,0.0,13.0
Caperucin,0.0,0.0,0.0,0.0
laverdure,0.0,17.0,3.0,15.0
veaceslavraru,1.0,12.0,0.0,11.0
DmitryAndreev,0.0,13.0,2.0,9.0
Wepty,0.0,7.0,0.0,7.0
Massunaga,1.0,11.0,0.0,13.0
wowa04,1.0,11.0,0.0,12.0
prostoruss,0.0,10.0,6.0,8.0
arafar,2.0,8.0,0.0,9.0
PatrickH,0.0,11.0,1.0,12.0
kbvanker,6.0,11.0,0.0,28.0
nikk3854,0.0,14.0,1.0,14.0
jcdcando,1.0,10.0,0.0,11.0
abosaeeds,2.0,11.0,0.0,13.0
KingEnas,1.0,10.0,0.0,8.0
HASTI_2151389,0.0,4.0,1.0,9.0
PirAkamel,2.0,6.0,0.0,8.0
Kajman9,0.0,6.0,1.0,3.0
BigLew69,0.0,7.0,2.0,11.0
tobings,0.0,10.0,3.0,11.0
HaroldvanVredeburg,3.0,10.0,0.0,11.0
MMaAxXxXx17,1.0,21.0,0.0,19.0
Hugoca30_46,0.0,13.0,1.0,12.0
TomasMat,1.0,11.0,0.0,9.0
Psychess1,1.0,7.0,0.0,8.0
Raafatghareeb,0.0,9.0,2.0,14.0
Antti0982,0.0,10.0,3.0,8.0
hirosiroser,0.0,29.0,0.0,8.0
King-Henk,2.0,11.0,0.0,13.0
Stevo180,0.0,13.0,0.0,8.0
sic30,0.0,7.0,1.0,7.0
anzorik,0.0,8.0,0.0,10.0
MyLoNiTe,0.0,9.0,1.0,14.0
SoulReaver87,0.0,10.0,1.0,11.0
mynamesSerg,2.0,3.0,0.0,4.0
SergioLeon,0.0,11.0,2.0,11.0
shpnt,0.0,11.0,1.0,13.0
Samirhelal66,2.0,12.0,0.0,22.0
vovve,1.0,20.0,0.0,8.0
snkr2010,1.0,15.0,0.0,12.0
FadAV,0.0,9.0,1.0,13.0
Bezpeka77,0.0,11.0,2.0,12.0
yasari1962,0.0,16.0,1.0,13.0
arias69,1.0,13.0,0.0,13.0
ElhajHassan83,2.0,12.0,0.0,11.0
keepitpushing,1.0,19.0,0.0,8.0
thenautilus,1.0,8.0,0.0,11.0
vladimirknezevic,0.0,9.0,2.0,11.0
RhaF,0.0,12.0,1.0,16.0
mennon,2.0,11.0,0.0,8.0
osmandurguti,1.0,11.0,0.0,13.0
Fredsch,1.0,10.0,0.0,9.0
Soft_keys12,2.0,13.0,0.0,9.0
martinstan,0.0,7.0,0.0,10.0
Perleravel,0.0,11.0,2.0,14.0
xkmato,0.0,17.0,3.0,12.0
armen6710,0.0,10.0,3.0,14.0
HaaWaaR,0.0,0.0,1.0,1.0
AlexeyMaeR,0.0,3.0,6.0,6.0
OdelOllivares,0.0,4.0,1.0,5.0
Aliiiiiiibi,0.0,7.0,2.0,7.0
lichstars,0.0,10.0,2.0,10.0
hermangidio,1.0,11.0,0.0,12.0
GreatElephant,0.0,7.0,2.0,11.0
juliakarate,1.0,8.0,0.0,7.0
TexasToast,0.0,15.0,4.0,13.0
Solaris2,0.0,9.0,1.0,15.0
Gchess88,2.0,11.0,0.0,12.0
Karopan,4.0,12.0,0.0,16.0
josefpieper,1.0,14.0,0.0,13.0
Hoister,0.0,11.0,2.0,2.0
Asketon,0.0,6.0,2.0,13.0
Aaaddfghhhgd,0.0,10.0,1.0,13.0
Shedar10,1.0,11.0,0.0,11.0
Tadeo209,0.0,12.0,2.0,12.0
wolfi123,0.0,14.0,1.0,17.0
Demid907,0.0,7.0,1.0,8.0
levoniuks,1.0,13.0,0.0,10.0
YaSsin122,0.0,14.0,1.0,10.0
papen83,1.0,1.0,0.0,0.0
K1r11,0.0,9.0,2.0,9.0
Arion17,0.0,11.0,1.0,9.0
atoris43,0.0,13.0,2.0,11.0
domcaramujo,0.0,12.0,1.0,17.0
flogui,1.0,9.0,0.0,9.0
Lexavrn,6.0,13.0,0.0,19.0
Symaju,2.0,2.0,0.0,2.0
OfficialTC1,0.0,14.0,1.0,15.0
Naivart999,2.0,12.0,0.0,10.0
kingbzh,0.0,1.0,1.0,2.0
Mr_Ed1973,1.0,13.0,0.0,16.0
CajunChess311,1.0,3.0,0.0,3.0
SFnZA7,0.0,4.0,4.0,5.0
thevarathoma,2.0,13.0,0.0,15.0
TatianaD,4.0,13.0,0.0,24.0
arielmdelossantos,0.0,12.0,1.0,14.0
XPANITEL,0.0,9.0,0.0,9.0
affable,0.0,8.0,2.0,8.0
timbilt,0.0,11.0,2.0,10.0
patpat123,2.0,13.0,0.0,11.0
veaceslavraru,1.0,12.0,0.0,11.0
tommyp709,3.0,9.0,0.0,14.0
nerceiram,1.0,14.0,0.0,12.0
carabasin_markiisi,0.0,9.0,3.0,8.0
atablanca,3.0,8.0,0.0,9.0
sh1ne4u,2.0,9.0,0.0,10.0
DrKalpeshShah,0.0,0.0,0.0,0.0
Xercus,1.0,9.0,0.0,8.0
v123cro,4.0,9.0,0.0,11.0
Ananoliy_228,1.0,12.0,0.0,8.0
TheDevilsDaddy,3.0,11.0,0.0,10.0
ESAND,4.0,12.0,0.0,10.0
HelRafka,0.0,13.0,0.0,8.0
amhaari,0.0,11.0,3.0,9.0
SuvidhaPatekar,0.0,27.0,1.0,12.0
Jobbime,0.0,9.0,1.0,9.0
N6289,0.0,11.0,2.0,10.0
Glm66,0.0,13.0,4.0,16.0
root64,0.0,11.0,1.0,11.0
nupeldam,0.0,7.0,1.0,8.0
Zarilaididd,0.0,8.0,1.0,7.0
mobinil,1.0,12.0,0.0,14.0
quinncurren,3.0,9.0,0.0,11.0
,0.0,0.0,0.0,0.0
Gr65,1.0,11.0,0.0,13.0
romel_cedeno-5504,0.0,12.0,1.0,13.0
IrlCalvadores_NSamar,2.0,11.0,0.0,13.0
papaP999,1.0,9.0,0.0,6.0
PeterzP,1.0,6.0,0.0,7.0
GosmanAli,0.0,15.0,3.0,12.0
AlexanderBThorndyke,7.0,11.0,0.0,14.0
serchminotauros179,0.0,10.0,1.0,8.0
Vunguyen94,2.0,10.0,0.0,8.0
schiumatto,0.0,12.0,1.0,18.0
Sk6,0.0,10.0,1.0,8.0
Cabeto1978,0.0,13.0,1.0,12.0
timinik,0.0,7.0,1.0,7.0
QuePicudo,0.0,12.0,1.0,13.0
Harlamov,0.0,11.0,3.0,9.0
cienki_bolek,0.0,10.0,3.0,13.0
zapad33,0.0,7.0,1.0,3.0
OsVaLdOmUiAnGa,0.0,7.0,1.0,7.0
renemedel,2.0,11.0,0.0,11.0
